Date,Year-Qtr,Year,Quarter,Day,Month,Sector,International_Acq,Institutional_Fund_Acq,Public_REIT_Acq,Private_Acq,Other_Acq,Undisclosed_Acq,Total_Acq,International_Disp,Institutional_Fund_Disp,Public_REIT_Disp,Private_Disp,Other_Disp,Undisclosed_Disp,Total_Disp,International_Net,Institutional_Fund_Net,Public_REIT_Net,Private_Net,Other_Net,Undisclosed_Net
3/31/01,01Q1,2001,1,31,3,OFFICE,666542075,2621461267,769859353,3386515182,778623568,290426636,8513428082,1173567517,3134104659,756117266,2170178258,749491875,529968506,8513428082,-507025442,-512643392,13742087,1216336924,29131693,-239541870
6/30/01,01Q2,2001,2,30,6,OFFICE,653200000,2945284743,8060874478,2543732044,863394677,232796122,15299282063,1238940000,3916002563,7220604084,2162719373,358948946,402067096,15299282063,-585740000,-970717821,840270394,381012670,504445731,-169270975
9/30/01,01Q3,2001,3,30,9,OFFICE,170393000,3125524686,785405449,2511345514,540931725,184080000,7317680374,1560689014,2125905410,929357333,1775891073,429970388,495867156,7317680374,-1390296014,999619275,-143951884,735454441,110961338,-311787156
12/31/01,01Q4,2001,4,31,12,OFFICE,1172110394,3765409602,584396190,2698536174,741392398,67281000,9029125758,1560906175,3456126342,608618162,2386298694,618420048,398756338,9029125758,-388795781,309283261,-24221971,312237480,122972350,-331475338
3/31/02,02Q1,2002,1,31,3,OFFICE,883646648,2370016609,717940673,2396625359,428142870,29347230,6825719389,1291626181,2638801695,262513230,1739013659,616244164,277520458,6825719389,-407979534,-268785086,455427443,657611699,-188101294,-248173228
6/30/02,02Q2,2002,2,30,6,OFFICE,1342684583,3195083682,862246255,3013050973,831824322,117978631,9362868446,1525945377,3421182944,843871364,2490402885,699005284,382460593,9362868446,-183260794,-226099263,18374892,522648088,132819038,-264481961
9/30/02,02Q3,2002,3,30,9,OFFICE,1857350417,2780507332,3279502632,3189947046,522607591,92335000,11722250018,632479894,7140602078,569695408,2130055922,532680000,716736716,11722250018,1224870523,-4360094746,2709807224,1059891125,-10072409,-624401716
12/31/02,02Q4,2002,4,31,12,OFFICE,1458648526,5162985087,882438346,4672780988,641886463,89825060,12908564469,1520822696,6316496377,1116897073,2452275469,940725330,561347524,12908564469,-62174170,-1153511290,-234458727,2220505519,-298838867,-471522465
3/31/03,03Q1,2003,1,31,3,OFFICE,1558587261,3024710645,1042035833,2894247269,667425889,103777500,9290784398,549554000,3232656454,1026850929,2472745951,1453997026,554980037,9290784398,1009033261,-207945809,15184904,421501318,-786571137,-451202537
6/30/03,03Q2,2003,2,30,6,OFFICE,813153465,2633729993,1431738756,3733515269,841009526,19379000,9472526008,703433057,4492329356,684265428,2229548948,626742102,736207117,9472526008,109720408,-1858599364,747473328,1503966321,214267423,-716828117
9/30/03,03Q3,2003,3,30,9,OFFICE,1975147336,6281626405,1602362369,3777965345,619141463,151908672,14408151590,1316616761,7006531197,1994218551,2663066752,963974660,463743669,14408151590,658530575,-724904792,-391856183,1114898593,-344833197,-311834997
12/31/03,03Q4,2003,4,31,12,OFFICE,1365062494,4498836183,2492459271,6394200264,895958624,177065000,15823581836,1833354121,6500867064,1786646345,3695212660,1405594096,601907550,15823581836,-468291627,-2002030880,705812926,2698987604,-509635472,-424842550
3/31/04,04Q1,2004,1,31,3,OFFICE,2277284045,3803043571,2018167283,3946469080,701552233,114040000,12860556213,962853652,6063242260,612718070,4027585332,482192615,711964284,12860556213,1314430393,-2260198688,1405449213,-81116252,219359618,-597924284
6/30/04,04Q2,2004,2,30,6,OFFICE,2443669000,4787726300,1574484587,7051650589,555616807,244443807,16657591090,1647401974,6831073907,1411557258,4754398433,1198029417,815130102,16657591090,796267026,-2043347607,162927330,2297252156,-642412610,-570686295
9/30/04,04Q3,2004,3,30,9,OFFICE,2973413146,6543326004,5338583376,6802588960,1057590935,271618737,22987121159,2694447547,10064921279,1794669200,6550371645,1232878585,649832902,22987121159,278965599,-3521595275,3543914176,252217315,-175287650,-378214166
12/31/04,04Q4,2004,4,31,12,OFFICE,2872093311,8241734985,3724156776,8319612147,898478750,500704228,24556780197,2489149379,8762088779,4375300468,6000845410,1954708908,974687253,24556780197,382943932,-520353793,-651143692,2318766737,-1056230158,-473983026
3/31/05,05Q1,2005,1,31,3,OFFICE,1295325076,6899991764,3367399846,7438391420,612347631,564028818,20177484555,1243241491,7866179365,1005872401,8412889275,1080359967,568942055,20177484555,52083585,-966187601,2361527445,-974497855,-468012336,-4913237
6/30/05,05Q2,2005,2,30,6,OFFICE,3544993322,12242486348,5186965913,8096275909,805686876,466710835,30343119203,2429881666,12239312915,2566675656,10628855879,1621500740,856892346,30343119203,1115111656,3173432,2620290257,-2532579970,-815813864,-390181511
9/30/05,05Q3,2005,3,30,9,OFFICE,1928334619,12970576644,2323632488,10084794921,670589913,541770732,28519699317,2358316568,9037394900,5391919338,9219264541,1747657334,765146635,28519699317,-429981949,3933181744,-3068286850,865530380,-1077067421,-223375904
12/31/05,05Q4,2005,4,31,12,OFFICE,3434348650,11237432448,5728803004,10141370332,949216648,473336972,31964508054,1893162598,9595136605,5048707719,11357781897,2967574614,1102144620,31964508054,1541186052,1642295843,680095285,-1216411566,-2018357966,-628807648
3/31/06,06Q1,2006,1,31,3,OFFICE,4628188600,7447119822,2984344392,9704470633,868817047,413570486,26046510979,3833162049,6356472695,2573244812,11369695895,1061237079,852698450,26046510979,795026551,1090647128,411099579,-1665225262,-192420032,-439127964
6/30/06,06Q2,2006,2,30,6,OFFICE,4594893359,13787485694,3522736250,10812347797,1060684050,363463986,34141611136,2038783104,9249143302,7456358648,12545453730,2020985233,830887119,34141611136,2556110255,4538342391,-3933622398,-1733105932,-960301183,-467423133
9/30/06,06Q3,2006,3,30,9,OFFICE,3048506412,18976131758,2547213332,9598041661,1606028455,296871783,36072793401,4982503833,10526130915,6675461630,10339688536,2590303468,958705019,36072793401,-1933997421,8450000843,-4128248297,-741646875,-984275013,-661833236
12/31/06,06Q4,2006,4,31,12,OFFICE,11296547304,26168168470,5420842633,11910266643,1418771804,338476027,56553072883,9400304412,17302034171,14829556775,11401735347,2729830103,889612075,56553072883,1896242892,8866134300,-9408714142,508531296,-1311058298,-551136048
3/31/07,07Q1,2007,1,31,3,OFFICE,3022028633,55021790338,5727885693,12327299730,946909440,130460005,77176373838,2205255553,18935332529,42699683518,10762297027,1708545843,865259368,77176373838,816773080,36086457809,-36971797825,1565002703,-761636403,-734799364
6/30/07,07Q2,2007,2,30,6,OFFICE,4955440270,34372591938,7142587987,11460980109,1071259694,163508109,59166368107,5543280723,33460674412,5477107685,11802901959,1802108735,1080294592,59166368107,-587840453,911917526,1665480302,-341921850,-730849041,-916786484
9/30/07,07Q3,2007,3,30,9,OFFICE,3535608732,24425019604,2205503677,12189570974,1379365253,184530476,43919598716,2700518963,19953034172,6678395116,12300051520,1742409812,545189133,43919598716,835089769,4471985432,-4472891440,-110480546,-363044559,-360658657
12/31/07,07Q4,2007,4,31,12,OFFICE,5905784859,11889617526,1589120667,9842352277,904738929,370615723,30502229981,5581784572,12026698020,1736185986,8108618405,1973037322,1075905676,30502229981,324000287,-137080494,-147065319,1733733872,-1068298393,-705289953
3/31/08,08Q1,2008,1,31,3,OFFICE,1357484243,5450445708,3714698329,6752939313,1325252707,214184612,18815004912,965258233,5173649244,3428005905,6427702919,1985308391,835080219,18815004912,392226009,276796463,286692424,325236394,-660055684,-620895606
6/30/08,08Q2,2008,2,30,6,OFFICE,4246546090,4606174451,862915750,6447350922,1920558307,183882152,18267427671,2236669456,3718757999,693692049,9114401630,1230870020,1273036518,18267427671,2009876634,887416452,169223701,-2667050709,689688287,-1089154366
9/30/08,08Q3,2008,3,30,9,OFFICE,5621712340,4500476649,762447520,4232945753,1031135787,150979516,16299697566,1210098360,5660814996,762925704,6404104711,1623114939,638638857,16299697566,4411613980,-1160338347,-478184,-2171158957,-591979152,-487659341
12/31/08,08Q4,2008,4,31,12,OFFICE,91840711,2729134917,739142703,3886629392,1524801739,143347465,9114896927,941113553,3439184226,979148156,2293828565,1103017064,358605362,9114896927,-849272842,-710049309,-240005454,1592800826,421784675,-215257897
3/31/09,09Q1,2009,1,31,3,OFFICE,394414254,834917096,61151903,2035614084,1015536544,123556750,4465190631,392537000,1047746839,465084333,1767878182,588353783,203590494,4465190631,1877254,-212829743,-403932430,267735902,427182761,-80033744
6/30/09,09Q2,2009,2,30,6,OFFICE,60250000,611691888,259091000,1641724363,656621063,46111070,3275489385,173774999,680864186,451811000,1220181792,664570222,84287187,3275489385,-113524999,-69172297,-192720000,421542572,-7949159,-38176117
9/30/09,09Q3,2009,3,30,9,OFFICE,795000000,1347327726,672401125,1923443143,784012366,56500000,5578684360,283688826,1589259395,648692500,2070265822,749986617,236791200,5578684360,511311174,-241931669,23708625,-146822679,34025750,-180291200
12/31/09,09Q4,2009,4,31,12,OFFICE,993089100,1089991849,736590757,2082247878,618944021,264063627,5784927232,814615000,2050563694,574463983,1650599987,532768910,161915657,5784927232,178474100,-960571845,162126774,431647891,86175111,102147970
3/31/10,10Q1,2010,1,31,3,OFFICE,816091000,1051244640,762887060,1662561430,1042703030,43143300,5378630461,458746333,2058217365,610749000,1778121169,363411000,109385594,5378630461,357344667,-1006972725,152138060,-115559739,679292030,-66242294
6/30/10,10Q2,2010,2,30,6,OFFICE,2280467418,2401489998,1296529814,3600395390,1147382174,45933012,10772197806,1062417655,4686803881,1448472018,2680189486,731301533,163013234,10772197806,1218049764,-2285313883,-151942204,920205904,416080641,-117080222
9/30/10,10Q3,2010,3,30,9,OFFICE,839439458,4125510329,2305001337,3230291902,552971412,99859400,11153073838,844088362,4908610524,605893555,3870174612,618767106,305539680,11153073838,-4648904,-783100195,1699107783,-639882711,-65795695,-205680280
12/31/10,10Q4,2010,4,31,12,OFFICE,2695558761,5322053582,4153708200,5268191680,3376689923,170573936,20986776082,4017091887,6175079910,1674555472,7081544139,1562828824,475675851,20986776082,-1321533125,-853026328,2479152728,-1813352458,1813861099,-305101915
3/31/11,11Q1,2011,1,31,3,OFFICE,1082052829,3472632605,2050082660,3747493425,851799178,59121875,11263182572,337263718,4821193639,949499137,4083457972,805322100,266446007,11263182572,744789111,-1348561034,1100583523,-335964546,46477078,-207324132
6/30/11,11Q2,2011,2,30,6,OFFICE,3315680500,4730579084,2181599006,3923182481,1590917074,56910000,15798868145,2361452135,6525816201,1239529368,3973060984,1207670930,491338526,15798868145,954228365,-1795237117,942069638,-49878503,383246144,-434428526
9/30/11,11Q3,2011,3,30,9,OFFICE,2919616783,7753769756,2030562933,3602028931,779526952,62189835,17147695190,1813015250,8555213635,765022736,5201692735,548744323,264006511,17147695190,1106601533,-801443879,1265540197,-1599663805,230782629,-201816676
12/31/11,11Q4,2011,4,31,12,OFFICE,4363550561,10296624307,2235844965,5339628362,1136859182,45636553,23418143931,4620265197,9105702588,1819667631,6334709005,1284310713,253488796,23418143931,-256714635,1190921719,416177334,-995080643,-147451531,-207852243
3/31/12,12Q1,2012,1,31,3,OFFICE,3126244591,5263681800,1324410043,4540040601,1273403430,32645948,15560426413,3549756916,4575878305,1277662375,4654056662,1074343784,428728370,15560426413,-423512325,687803496,46747668,-114016062,199059646,-396082423
6/30/12,12Q2,2012,2,30,6,OFFICE,3097247636,5510683036,2221818632,4252387040,1086159847,35329000,16203625191,1340617463,7230975576,1346941074,5001895876,822983986,460211217,16203625191,1756630174,-1720292540,874877559,-749508837,263175861,-424882217
9/30/12,12Q3,2012,3,30,9,OFFICE,1531469190,6830931053,2296524078,6103351901,1688172993,142735105,18593184320,3181740217,6890794331,1002894804,6138143749,980377850,399233369,18593184320,-1650271027,-59863278,1293629274,-34791848,707795143,-256498264
12/31/12,12Q4,2012,4,31,12,OFFICE,5336346907,11506926970,2733316859,9422481320,2683159375,241207830,31923439261,5031428744,12031245176,1125840066,11499643606,1633873906,601407764,31923439261,304918164,-524318206,1607476794,-2077162286,1049285468,-360199934
3/31/13,13Q1,2013,1,31,3,OFFICE,1709458046,5364028787,2402649571,5623028453,2155395594,70426153,17324986605,2248495127,6643422778,1069189335,4097875853,2872593940,393409572,17324986605,-539037080,-1279393990,1333460236,1525152600,-717198346,-322983419
6/30/13,13Q2,2013,2,30,6,OFFICE,4430322259,8398228531,2082033697,6408081675,1548448623,89113052,22956227837,5029374000,8323107420,1080917843,6192686096,1580922353,749220125,22956227837,-599051741,75121111,1001115855,215395579,-32473730,-660107073
9/30/13,13Q3,2013,3,30,9,OFFICE,4701311495,8297313961,4451591652,6944492209,1698343361,42774987,26135827665,2771222603,12555260703,1212868066,6699899039,1685701174,1210876080,26135827665,1930088892,-4257946743,3238723586,244593170,12642188,-1168101093
12/31/13,13Q4,2013,4,31,12,OFFICE,6907661311,16109435416,4677823665,10320360815,1478819132,468721726,39962822065,3423877780,17586988841,7277600320,8682261978,2292203781,699889364,39962822065,3483783531,-1477553426,-2599776655,1638098837,-813384649,-231167638
3/31/14,14Q1,2014,1,31,3,OFFICE,4234039780,9435661987,1788687592,7354354638,2064962218,73545949,24951252164,3381126900,9155410427,2162815939,6302469369,2592834526,1356595003,24951252164,852912880,280251560,-374128347,1051885269,-527872308,-1283049054
6/30/14,14Q2,2014,2,30,6,OFFICE,4586473226,8726117497,4576366939,8923730358,1746277473,130114549,28689080041,4042522636,12518972847,1570695476,8488814905,1491227206,576846971,28689080041,543950590,-3792855350,3005671463,434915452,255050267,-446732422
9/30/14,14Q3,2014,3,30,9,OFFICE,4853915586,10420136186,3576553220,11910993860,2356461915,111464962,33229525729,4572822283,14743346888,1350198025,9561344374,2308016475,693797684,33229525729,281093303,-4323210702,2226355196,2349649486,48445440,-582332722
12/31/14,14Q4,2014,4,31,12,OFFICE,6419777395,15088397410,4887781526,10952811955,2439440155,172191771,39960400212,2682324459,17599177919,5261051167,11071944754,2443432366,902469548,39960400212,3737452936,-2510780508,-373269640,-119132800,-3992211,-730277776
3/31/15,15Q1,2015,1,31,3,OFFICE,7598533264,13181809836,6117398979,8600537046,1865653219,177135101,37541067446,2662246548,16890628097,5476155025,9385768413,2620729903,505539460,37541067446,4936286717,-3708818261,641243955,-785231367,-755076684,-328404360
6/30/15,15Q2,2015,2,30,6,OFFICE,5950274870,15984918307,2051234217,10464976476,1330371389,97509879,35879285138,4553917819,11440518332,4180552905,12423324625,2538087245,742884213,35879285138,1396357052,4544399975,-2129318688,-1958348149,-1207715856,-645374334
9/30/15,15Q3,2015,3,30,9,OFFICE,5572869050,11406815377,5182948965,11123521634,1874670870,260224366,35421050263,1495448476,18159043649,3487081149,9309623486,2132772542,837080961,35421050263,4077420574,-6752228271,1695867816,1813898148,-258101672,-576856595
12/31/15,15Q4,2015,4,31,12,OFFICE,11310751925,15369533008,2064534958,11340762229,2179077328,293911979,42558571427,6014616426,16141738536,4092779227,10568724413,4443765720,1296947106,42558571427,5296135499,-772205528,-2028244269,772037816,-2264688392,-1003035126
3/31/16,16Q1,2016,1,31,3,OFFICE,5297646549,13824946935,941153992,9379600535,2124892229,100922867,31669163107,3420353945,10267041590,6214024303,9422743506,1771172303,573827460,31669163107,1877292604,3557905345,-5272870311,-43142971,353719926,-472904593
6/30/16,16Q2,2016,2,30,6,OFFICE,9682857492,10274831211,3117932067,9165030834,1685512088,198753901,34124917592,4661324610,11303291900,4597012989,10842458245,2154416406,566413442,34124917592,5021532881,-1028460690,-1479080922,-1677427411,-468904318,-367659541
9/30/16,16Q3,2016,3,30,9,OFFICE,9489825437,10968352295,1666204834,11363125054,2052116534,256810729,35796434883,4712829518,15125677056,4857473529,7846865869,2709003886,544585025,35796434883,4776995919,-4157324761,-3191268695,3516259185,-656887352,-287774296
12/31/16,16Q4,2016,4,31,12,OFFICE,7396712165,11244293247,6921362646,13220229919,2601139616,463751601,41847489194,4906740618,17472072053,5655092697,10322590262,2800348725,690644839,41847489194,2489971547,-6227778806,1266269949,2897639657,-199209109,-226893238
3/31/17,17Q1,2017,1,31,3,OFFICE,6527711965,8979721684,1530893371,11418757695,2913471161,261047172,31631603046,1925458711,13032503212,3121473926,10354369037,2601819762,595978399,31631603046,4602253254,-4052781527,-1590580556,1064388658,311651398,-334931227
6/30/17,17Q2,2017,2,30,6,OFFICE,7112302509,8507981238,5932774705,10697355679,1830586950,341811658,34422812740,3063675140,13882161194,3763953921,10198689767,3091983818,422348899,34422812740,4048627369,-5374179957,2168820785,498665911,-1261396868,-80537241
9/30/17,17Q3,2017,3,30,9,OFFICE,5524336137,9934596011,1080344313,10459490760,2260404732,513963376,29773135329,859928216,14242545076,4137449569,8393308238,1875192731,264711499,29773135329,4664407920,-4307949064,-3057105256,2066182521,385212002,249251878
12/31/17,17Q4,2017,4,31,12,OFFICE,5859539840,11325391725,4580075232,12959428896,1849462542,511528207,37085426442,3380499766,12930374362,6269346768,11238731802,2768203225,498270519,37085426442,2479040074,-1604982638,-1689271535,1720697094,-918740682,13257688
3/31/18,18Q1,2018,1,31,3,OFFICE,4607305880,10340439353,1126217473,8966235980,4186677236,134641591,29361517514,5474939742,9488425785,3298488206,9228440899,1405166133,466056750,29361517514,-867633862,852013569,-2172270733,-262204919,2781511103,-331415159
6/30/18,18Q2,2018,2,30,6,OFFICE,3398331959,11814890229,1628559479,10864763840,1162063253,260567683,29129176443,3601060204,9631905854,2773265075,9808676147,3100881339,213387824,29129176443,-202728246,2182984375,-1144705596,1056087693,-1938818086,47179859
9/30/18,18Q3,2018,3,30,9,OFFICE,7160161645,10269519603,1376933737,13636552781,2095892064,209672299,34748732130,3555663502,12359243516,3356098480,12494889395,2558020291,424816945,34748732130,3604498143,-2089723913,-1979164743,1141663386,-462128227,-215144646
12/31/18,18Q4,2018,4,31,12,OFFICE,9138230985,11035057604,5210386042,12559951328,2871326611,506023023,41320975593,6675416416,11995524263,10859957222,9367364262,1900965173,521748255,41320975593,2462814569,-960466660,-5649571181,3192587066,970361438,-15725233
3/31/01,01Q1,2001,1,31,3,RETAIL,121250000,1195297862,696276854,1521203956,299992118,176358917,4010379707,64300000,488110000,661362309,1888080377,357495033,551031988,4010379707,56950000,707187862,34914545,-366876421,-57502915,-374673071
6/30/01,01Q2,2001,2,30,6,RETAIL,30000000,233259000,265555814,1372432482,145474000,202460379,2249181675,273125000,326867200,224918905,975121672,79254292,369894605,2249181675,-243125000,-93608200,40636909,397310810,66219708,-167434226
9/30/01,01Q3,2001,3,30,9,RETAIL,69780000,1080337712,1293124609,1588890708,113026750,70740000,4215899779,681969563,849522872,1318161451,948131227,41050000,377064666,4215899779,-612189563,230814840,-25036842,640759481,71976750,-306324666
12/31/01,01Q4,2001,4,31,12,RETAIL,12500000,691431764,622332086,2173546837,30478533,685064595,4215353816,288361112,547300333,517382792,1793326138,584083075,484900365,4215353816,-275861112,144131431,104949294,380220699,-553604542,200164229
3/31/02,02Q1,2002,1,31,3,RETAIL,2738255854,353323659,1369311700,1805196428,74912900,89772427,6430772968,2006013354,1290200316,645307354,1916949830,183651836,388650278,6430772968,732242500,-936876657,724004346,-111753403,-108738936,-298877851
6/30/02,02Q2,2002,2,30,6,RETAIL,134225000,541998605,3377899408,2147248197,212981731,155272591,6569625533,2319320203,945485954,739556186,2038332575,59175000,467755616,6569625533,-2185095203,-403487349,2638343223,108915623,153806731,-312483025
9/30/02,02Q3,2002,3,30,9,RETAIL,114030000,1371940673,3631867167,2219740910,131255995,94063750,7562898495,123116500,2962576346,1525387097,2311315905,86742810,553759837,7562898495,-9086500,-1590635672,2106480070,-91574995,44513185,-459696087
12/31/02,02Q4,2002,4,31,12,RETAIL,813734982,1763804923,1861322084,3789556597,108619177,250529511,8587567274,654916108,2381392620,1237171802,3519321099,177221080,617544565,8587567274,158818874,-617587697,624150282,270235498,-68601903,-367015055
3/31/03,03Q1,2003,1,31,3,RETAIL,138365844,1233774246,4745141915,3195205265,144730356,132968256,9590185880,1284693273,1040204813,3258857225,2829654755,460023389,716752427,9590185880,-1146327429,193569433,1486284690,365550510,-315293033,-583784171
6/30/03,03Q2,2003,2,30,6,RETAIL,822237509,613446438,2160901251,3344433797,88271000,143798655,7173088651,162295000,1620509764,1146860775,3329077516,166557917,747787678,7173088651,659942509,-1007063327,1014040476,15356281,-78286917,-603989023
9/30/03,03Q3,2003,3,30,9,RETAIL,244776362,824500581,2140538973,3372390466,80075425,245423738,6907705545,467015898,1736320622,526765934,3094115767,328392591,755094733,6907705545,-222239537,-911820040,1613773039,278274700,-248317166,-509670995
12/31/03,03Q4,2003,4,31,12,RETAIL,1981690148,2897051550,3424586878,4630180367,189039813,231256704,13353805461,490658712,2873536769,3561022444,5416151249,290817144,721619142,13353805461,1491031436,23514780,-136435566,-785970881,-101777331,-490362438
3/31/04,04Q1,2004,1,31,3,RETAIL,375822800,1180187121,4750814936,4749940821,260774332,299576926,11617116938,168368174,1139205212,747022163,8089109693,427018137,1046393559,11617116938,207454626,40981909,4003792774,-3339168871,-166243805,-746816633
6/30/04,04Q2,2004,2,30,6,RETAIL,944095326,1274523321,2577374417,5016563020,763233491,425906781,11001696356,983310615,2329285041,855888196,5044176502,947241249,841794753,11001696356,-39215289,-1054761720,1721486221,-27613482,-184007758,-415887972
9/30/04,04Q3,2004,3,30,9,RETAIL,871579642,2652024246,1782315092,5089079687,265618805,383722790,11044340262,670657700,1842259316,795461419,5436406625,1484956191,814599012,11044340262,200921942,809764930,986853674,-347326938,-1219337386,-430876222
12/31/04,04Q4,2004,4,31,12,RETAIL,939354824,4045434942,16267294292,6719361410,310321726,434396719,28716163913,538179542,3448733088,15831803043,6819816075,1077136135,1000496030,28716163913,401175281,596701854,435491249,-100454665,-766814409,-566099311
3/31/05,05Q1,2005,1,31,3,RETAIL,758777575,1782982854,1527849146,6383742101,411995268,655317679,11520664623,209256920,2521358296,798688572,6594449088,675610070,721301677,11520664623,549520655,-738375442,729160574,-210706987,-263614803,-65983998
6/30/05,05Q2,2005,2,30,6,RETAIL,4457889007,1781976392,3004976900,7548087055,436552130,999099328,18228580813,703704267,4841363276,1757179922,9538292446,263137564,1124903338,18228580813,3754184740,-3059386884,1247796978,-1990205390,173414566,-125804010
9/30/05,05Q3,2005,3,30,9,RETAIL,1894426108,2050321059,1073409341,7039647447,335793927,884999730,13278597613,157648851,2148189962,1702926055,7194434749,841982278,1233415719,13278597613,1736777257,-97868902,-629516714,-154787302,-506188351,-348415989
12/31/05,05Q4,2005,4,31,12,RETAIL,1000891437,2800644921,2716490653,8204802930,441516578,740322320,15904668839,308537760,2387806524,991303136,10266899214,510899039,1439223166,15904668839,692353677,412838398,1725187517,-2062096284,-69382461,-698900847
3/31/06,06Q1,2006,1,31,3,RETAIL,826987805,2008831076,1049714038,6782587286,716627944,568714922,11953463070,559665676,1153698850,462650000,7682183662,960214338,1135050545,11953463070,267322130,855132226,587064038,-899596376,-243586395,-566335623
6/30/06,06Q2,2006,2,30,6,RETAIL,1048193136,2789476607,1229427098,8329218734,557314624,635566607,14589196806,799833888,1978681140,1806518332,7924556197,848725101,1230882148,14589196806,248359247,810795467,-577091234,404662538,-291410478,-595315541
9/30/06,06Q3,2006,3,30,9,RETAIL,3840708634,3929711086,1774579539,6335085998,680477692,486444265,17047007214,228954500,1443005231,4279932008,7662278742,2160914208,1271922526,17047007214,3611754134,2486705855,-2505352468,-1327192744,-1480436516,-785478261
12/31/06,06Q4,2006,4,31,12,RETAIL,1750375751,8758099587,1500932551,7818334364,456654486,523163096,20807559835,266304600,1966837359,6165158120,8733449666,1948322516,1727487574,20807559835,1484071151,6791262228,-4664225569,-915115302,-1491668030,-1204324478
3/31/07,07Q1,2007,1,31,3,RETAIL,572029546,10865504056,7355491838,7754741080,379120485,386182360,27313069363,610000000,2633399186,7784936683,14530009750,559819809,1194903935,27313069363,-37970454,8232104870,-429444846,-6775268670,-180699325,-808721575
6/30/07,07Q2,2007,2,30,6,RETAIL,7275599803,3385704254,1270867409,9946627550,466730769,487706538,22833236324,477383333,2007855922,7898107497,10459249219,504941644,1485698710,22833236324,6798216470,1377848333,-6627240087,-512621669,-38210875,-997992172
9/30/07,07Q3,2007,3,30,9,RETAIL,4040283332,2307535126,2322080227,8146182634,629992121,441469373,17887542812,563871792,2936728251,878359457,11835555914,552769418,1120257980,17887542812,3476411540,-629193126,1443720770,-3689373280,77222703,-678788607
12/31/07,07Q4,2007,4,31,12,RETAIL,921306250,2267143936,2027682258,7135053793,411109953,380346704,13142642893,1061134713,2117577812,1715839717,6474955515,642689120,1130446016,13142642893,-139828463,149566124,311842541,660098278,-231579167,-750099313
3/31/08,08Q1,2008,1,31,3,RETAIL,572555000,1845227678,1093418313,4963206398,636983857,484077833,9595469078,981207661,909232253,1397081190,4990039486,492593636,825314853,9595469078,-408652661,935995425,-303662877,-26833089,144390221,-341237020
6/30/08,08Q2,2008,2,30,6,RETAIL,318803423,1158428335,369869934,4147181107,341556273,343078543,6678917615,298768686,685068045,417318689,3914317061,653358902,710086232,6678917615,20034737,473360290,-47448755,232864046,-311802629,-367007689
9/30/08,08Q3,2008,3,30,9,RETAIL,139197333,320074861,244461867,3787330776,627643847,252111032,5370819716,74862152,514973401,530170690,3165413357,423763513,661636604,5370819716,64335181,-194898540,-285708823,621917418,203880334,-409525571
12/31/08,08Q4,2008,4,31,12,RETAIL,253934292,783396749,286021030,2546797669,376050596,281333757,4527534094,482843256,303273832,472411289,2196998481,441224849,630782388,4527534094,-228908964,480122918,-186390258,349799188,-65174253,-349448630
3/31/09,09Q1,2009,1,31,3,RETAIL,530285341,116941520,153406670,2066748239,301927592,114513070,3283822432,775378112,204224000,583390533,1199032819,245128651,276668317,3283822432,-245092771,-87282480,-429983863,867715420,56798941,-162155247
6/30/09,09Q2,2009,2,30,6,RETAIL,16745000,158103669,0,2274827581,231691427,120754964,2802122641,132437952,368947407,262127357,1177460818,679157383,181991724,2802122641,-115692952,-210843738,-262127357,1097366764,-447465956,-61236760
9/30/09,09Q3,2009,3,30,9,RETAIL,155251667,843209068,176823446,1824595521,226761794,164006030,3390647525,347566095,495868228,947107930,895331933,364200196,340573143,3390647525,-192314428,347340840,-770284484,929263588,-137438402,-176567113
12/31/09,09Q4,2009,4,31,12,RETAIL,438727510,1689600724,1250977695,2867519406,498893988,249583306,6995302630,1689318825,1254230023,1057226729,1376593135,1338163365,279770553,6995302630,-1250591315,435370701,193750966,1490926271,-839269376,-30187247
3/31/10,10Q1,2010,1,31,3,RETAIL,202875785,859748738,507459000,1958353290,195800600,150912634,3875150047,362108000,763727838,427467736,1836917123,193878126,291051224,3875150047,-159232215,96020900,79991264,121436167,1922474,-140138590
6/30/10,10Q2,2010,2,30,6,RETAIL,906131691,937298767,367866024,2086652622,251240142,197677592,4746866838,162100000,1507692828,524073093,2036254815,116878816,399867287,4746866838,744031691,-570394060,-156207068,50397806,134361326,-202189695
9/30/10,10Q3,2010,3,30,9,RETAIL,499275121,909172625,2806716623,2142080258,285817929,253163637,6896226193,143084460,3005090609,535430856,2504853828,219978461,487787978,6896226193,356190662,-2095917984,2271285767,-362773571,65839467,-234624341
12/31/10,10Q4,2010,4,31,12,RETAIL,902089814,1787450863,1402237954,3996895850,352000211,209077581,8649752273,782303453,1940402044,646350333,4170530664,670470852,439694928,8649752273,119786362,-152951181,755887621,-173634813,-318470641,-230617347
3/31/11,11Q1,2011,1,31,3,RETAIL,1158078418,2089516702,601951178,2725017306,284007408,171473562,7030044575,506301482,1057922175,899328413,3715446641,267183698,583862166,7030044575,651776936,1031594526,-297377234,-990429335,16823710,-412388603
6/30/11,11Q2,2011,2,30,6,RETAIL,862185729,10261556225,805161396,3783551696,436853424,116301213,16265609682,9514313941,1641279432,650037976,3530317695,406843443,522817194,16265609682,-8652128212,8620276793,155123419,253234001,30009981,-406515982
9/30/11,11Q3,2011,3,30,9,RETAIL,999187979,992484722,2994469167,4074015765,375246084,139088445,9574492162,712950000,1606657597,420866201,5095270520,1306524250,432223595,9574492162,286237979,-614172875,2573602966,-1021254754,-931278167,-293135150
12/31/11,11Q4,2011,4,31,12,RETAIL,1397540216,2880662551,2651744670,4274487711,486646713,168043308,11859125169,551690041,1707650287,2279350849,6004668842,700585163,615179988,11859125169,845850175,1173012265,372393821,-1730181131,-213938450,-447136680
3/31/12,12Q1,2012,1,31,3,RETAIL,2403431750,996675990,4486598349,4243519527,320787548,174822566,12625835729,2274241380,4689160329,738647392,3994353562,595260448,334172617,12625835729,129190370,-3692484339,3747950957,249165964,-274472900,-159350051
6/30/12,12Q2,2012,2,30,6,RETAIL,1497462804,3751255923,2543592110,4766756812,542560099,178755151,13280382899,3283366508,1567453336,800216520,5684349933,1499354788,445641813,13280382899,-1785903704,2183802587,1743375590,-917593121,-956794689,-266886661
9/30/12,12Q3,2012,3,30,9,RETAIL,690752914,2023760404,1515681549,5601446348,316519942,392338610,10540499767,746115118,1738666169,1960594784,5045574265,473299411,576250019,10540499767,-55362204,285094234,-444913235,555872083,-156779469,-183911409
12/31/12,12Q4,2012,4,31,12,RETAIL,1413223929,3907605667,5945022050,8813965386,780483944,406662822,21266963798,1090811500,4734357508,2289832292,11522790801,797891080,831280617,21266963798,322412429,-826751841,3655189758,-2708825415,-17407136,-424617795
3/31/13,13Q1,2013,1,31,3,RETAIL,408027667,2238249696,2409428655,3876175769,375536055,203356551,9510774392,1327290955,1802791276,1860046052,3341434223,796760476,382451410,9510774392,-919263288,435458420,549382603,534741546,-421224422,-179094859
6/30/13,13Q2,2013,2,30,6,RETAIL,1206923351,3680214737,2379018507,6240696917,337351937,460949740,14305155188,1301709995,2606437022,2207492394,6777621443,452475375,959418960,14305155188,-94786644,1073777715,171526113,-536924526,-115123437,-498469221
9/30/13,13Q3,2013,3,30,9,RETAIL,2235483227,2608266344,7468866820,6854195157,407452144,305867879,19880131572,1152828433,3550268166,2525023749,11211784401,483890121,956336701,19880131572,1082654794,-942001822,4943843071,-4357589244,-76437977,-650468823
12/31/13,13Q4,2013,4,31,12,RETAIL,1705433281,4118358822,3405593923,8939048873,780526865,320215586,19269177350,2456044650,3657759214,3189283000,8068997134,1072297398,824795953,19269177350,-750611370,460599608,216310923,870051739,-291770533,-504580366
3/31/14,14Q1,2014,1,31,3,RETAIL,1840886388,2215145211,12806096087,7526484940,416509716,352146278,25157268620,300075786,2160890765,12083753037,7962970989,1722613617,926964426,25157268620,1540810602,54254445,722343050,-436486049,-1306103900,-574818148
6/30/14,14Q2,2014,2,30,6,RETAIL,646151194,3458721344,2384544808,8221477650,677530129,326017792,15714442917,367390865,3472559252,1176968551,8826132953,687646031,1183745266,15714442917,278760329,-13837907,1207576257,-604655303,-10115902,-857727474
9/30/14,14Q3,2014,3,30,9,RETAIL,2221771337,2824115175,5183566318,9131893718,446170582,470845220,20278362350,1296108042,4445485246,1515833016,11099952743,870938779,1050044525,20278362350,925663295,-1621370071,3667733302,-1968059025,-424768197,-579199305
12/31/14,14Q4,2014,4,31,12,RETAIL,941827921,6392732776,4732359585,11537862190,855201769,765600644,25225584886,3715757312,2784473245,5482491690,9656414022,2401926552,1184522065,25225584886,-2773929391,3608259532,-750132104,1881448168,-1546724783,-418921421
3/31/15,15Q1,2015,1,31,3,RETAIL,3696310759,3036693648,8166298579,10131887107,591900589,406260783,26029351465,821098256,3537764100,8269246133,11334682883,1274581969,791978124,26029351465,2875212504,-501070453,-102947554,-1202795776,-682681379,-385717341
6/30/15,15Q2,2015,2,30,6,RETAIL,1103212883,4378095941,3152462181,10119687118,772939205,381772089,19908169417,485404538,3499636817,2559848449,10855852669,1769998041,737428904,19908169417,617808346,878459123,592613732,-736165550,-997058836,-355656814
12/31/15,15Q4,2015,4,31,12,RETAIL,1708654684,5274431709,2100455912,10490843682,666925751,324100630,20565412367,1830252050,3193464905,3737564723,10561990298,675594923,566545468,20565412367,-121597366,2080966804,-1637108811,-71146616,-8669172,-242444838
12/31/15,15Q4,2015,4,31,12,RETAIL,2770976208,4736021893,2531868464,12343451612,795198829,461940503,23639457509,2230558661,3951854813,3020287775,12134412045,1329315562,973028653,23639457509,540417548,784167079,-488419311,209039567,-534116733,-511088150
3/31/16,16Q1,2016,1,31,3,RETAIL,1487751181,5882440375,1788345075,9366583975,571125652,478697354,19574943611,319686246,2849719231,5653014785,9533314853,753465894,465742602,19574943611,1168064934,3032721143,-3864669710,-166730879,-182340242,12954752
6/30/16,16Q2,2016,2,30,6,RETAIL,907538113,5461423062,1721446882,9899031226,576745847,647047579,19213232710,3734645310,2702272975,1373973304,9948128801,752799407,701412913,19213232710,-2827107196,2759150087,347473578,-49097575,-176053560,-54365334
9/30/16,16Q3,2016,3,30,9,RETAIL,3333236531,3465135107,1971832940,9808113847,608978837,438781342,19626078604,537691624,3918495222,4974252820,8765918941,730157363,699562634,19626078604,2795544908,-453360115,-3002419880,1042194906,-121178526,-260781293
12/31/16,16Q4,2016,4,31,12,RETAIL,781905155,5212803010,2294652792,9989398467,581659642,383263587,19243682652,1098650989,4278012154,1620281274,10063630693,1493590959,689516582,19243682652,-316745835,934790856,674371518,-74232227,-911931318,-306252995
3/31/17,17Q1,2017,1,31,3,RETAIL,577246898,2205128362,6508536276,8851787673,398000708,430176704,18970876622,492046040,2292723854,5775016127,8381261116,1393472937,636356548,18970876622,85200858,-87595492,733520149,470526558,-995472229,-206179844
6/30/17,17Q2,2017,2,30,6,RETAIL,1024557541,3166513824,1049749685,8744832117,455883819,397857066,14839394051,441944004,1682821633,2525861908,8580699342,936587428,671479736,14839394051,582613537,1483692191,-1476112224,164132774,-480703610,-273622670
9/30/17,17Q3,2017,3,30,9,RETAIL,664600701,2060463057,2093817078,9174237696,580158337,396130836,14969407704,263920596,2436726394,1450571034,8686823796,1624081839,507284045,14969407704,400680105,-376263338,643246044,487413900,-1043923502,-111153208
12/31/17,17Q4,2017,4,31,12,RETAIL,1195792650,2875071658,1358761120,9121067375,512749510,428292841,15491735154,187130000,2128642136,2792175504,8531614966,1452218499,399954049,15491735154,1008662650,746429522,-1433414384,589452410,-939468989,28338792
3/31/18,18Q1,2018,1,31,3,RETAIL,732886930,1933435206,1317187813,9177031790,650382250,350808833,14161732822,169487300,2008158374,2295742768,8647131531,803128181,238084668,14161732822,563399630,-74723168,-978554955,529900259,-152745930,112724164
6/30/18,18Q2,2018,2,30,6,RETAIL,8339103495,1949704948,505034861,9721110134,474894390,425966440,21415814269,8807305437,1944033075,1671739507,7766147494,796458996,430129761,21415814269,-468201942,5671873,-1166704646,1954962641,-321564605,-4163321
9/30/18,18Q3,2018,3,30,9,RETAIL,18273775649,1797909884,1190677920,9417879414,568919276,332680150,31581842293,886903821,1808688356,19307720136,8231338171,902107612,445084197,31581842293,17386871827,-10778472,-18117042216,1186541243,-333188336,-112404047
12/31/18,18Q4,2018,4,31,12,RETAIL,3293582370,1572375792,668634712,10732548069,379544936,717980123,17364666002,427234683,1950102507,4554165153,8767850330,894729114,770584215,17364666002,2866347688,-377726715,-3885530441,1964697739,-515184178,-52604092
3/31/01,01Q1,2001,1,31,3,INDUSTRIAL,27106073,1229257933,472722868,922807153,540644752,152169342,3344708121,143825000,827837897,219529300,1158424497,586669710,408421718,3344708121,-116718927,401420036,253193568,-235617344,-46024958,-256252376
6/30/01,01Q2,2001,2,30,6,INDUSTRIAL,247886682,1512116676,1392073460,1385614883,308125235,196160781,5041977716,221627125,674468091,1908961223,1191220433,398821460,646879384,5041977716,26259557,837648585,-516887763,194394450,-90696225,-450718604
9/30/01,01Q3,2001,3,30,9,INDUSTRIAL,133850053,576246599,246817680,1202836023,527441777,132740188,2819932321,61845892,524494831,393538358,1025826460,344911592,469315188,2819932321,72004161,51751768,-146720678,177009563,182530185,-336575000
12/31/01,01Q4,2001,4,31,12,INDUSTRIAL,124580000,2963032955,356265927,1426842215,302767874,99140531,5272629502,146494000,3039551272,398788531,1047922004,338569846,301303849,5272629502,-21914000,-76518317,-42522604,378920211,-35801972,-202163318
3/31/02,02Q1,2002,1,31,3,INDUSTRIAL,73500000,426790647,258470858,1117193676,383707070,161280130,2420942381,151296000,416117033,343370635,816310326,288084755,405763631,2420942381,-77796000,10673614,-84899778,300883350,95622315,-244483501
6/30/02,02Q2,2002,2,30,6,INDUSTRIAL,9560917,503937407,377235644,1437421317,393938060,108302000,2830395344,150600000,692286886,220814517,1002066291,460504477,304123174,2830395344,-141039083,-188349479,156421127,435355026,-66566417,-195821174
9/30/02,02Q3,2002,3,30,9,INDUSTRIAL,217879500,658262864,309826429,1665518399,378804399,116466736,3346758327,276210821,441808151,446751145,1094429490,407318745,680239975,3346758327,-58331321,216454713,-136924715,571088908,-28514346,-563773239
12/31/02,02Q4,2002,4,31,12,INDUSTRIAL,129408351,2823664001,391608380,1529201051,296097128,125854000,5295832911,32708360,2112919543,810546349,1040218789,702889286,596550585,5295832911,96699991,710744458,-418937969,488982262,-406792158,-470696585
3/31/03,03Q1,2003,1,31,3,INDUSTRIAL,54154300,574805374,519866077,1407205463,457816937,206280442,3220128592,98950000,674750585,334661693,1345069285,376020911,390676119,3220128592,-44795700,-99945211,185204384,62136178,81796026,-184395677
6/30/03,03Q2,2003,2,30,6,INDUSTRIAL,38306795,1231548771,515084185,1372423512,400991853,152650000,3711005116,174210000,1630832800,268143709,984070866,351803789,301943952,3711005116,-135903205,-399284029,246940476,388352646,49188064,-149293952
9/30/03,03Q3,2003,3,30,9,INDUSTRIAL,127561000,693401210,353722600,1536992642,555260365,237090504,3504028321,87632041,372632558,544889500,1278759414,598875737,621239071,3504028321,39928959,320768652,-191166900,258233228,-43615372,-384148567
12/31/03,03Q4,2003,4,31,12,INDUSTRIAL,192777600,1031446976,1086177842,2564623730,563498869,270153574,5708678591,233894968,1033902658,639564938,2065467909,1051210406,684637712,5708678591,-41117368,-2455682,446612904,499155821,-487711537,-414484138
3/31/04,04Q1,2004,1,31,3,INDUSTRIAL,60284870,994909449,571281349,1709064114,476132372,206654550,4018326705,304092261,803978860,316055805,1774881906,422140668,397177205,4018326705,-243807391,190930589,255225544,-65817792,53991704,-190522655
6/30/04,04Q2,2004,2,30,6,INDUSTRIAL,215505000,1023667753,440266085,2139303324,457780460,141054000,4417576622,99556214,702246989,229184935,2438055301,438659420,509873764,4417576622,115948786,321420764,211081150,-298751976,19121040,-368819764
9/30/04,04Q3,2004,3,30,9,INDUSTRIAL,282686600,3213844323,1307884057,2907517864,673943464,213443500,8599319808,566270720,1866976238,1988438166,2488167421,893255894,796211369,8599319808,-283584120,1346868085,-680554108,419350442,-219312430,-582767869
12/31/04,04Q4,2004,4,31,12,INDUSTRIAL,500431993,2122794477,1780751045,2958457278,869300004,402984996,8634719792,498524789,1392965693,1370048080,4001733782,641249323,730198125,8634719792,1907203,729828783,410702965,-1043276504,228050681,-327213129
3/31/05,05Q1,2005,1,31,3,INDUSTRIAL,595250000,1744685692,688096964,3920694642,837861012,577893018,8364481329,166522810,1179376393,400436993,4986126881,1172502112,459516140,8364481329,428727190,565309299,287659971,-1065432239,-334641100,118376878
6/30/05,05Q2,2005,2,30,6,INDUSTRIAL,284335434,3701172585,1308140536,4164079321,973942746,677357571,11109028192,333643838,3851582122,451874615,4886937159,827915807,757074651,11109028192,-49308404,-150409537,856265921,-722857838,146026939,-79717081
9/30/05,05Q3,2005,3,30,9,INDUSTRIAL,717673157,3926973713,6280502799,5111267667,1146270052,658533225,17841220612,167650598,2705213812,7519952873,5095530774,1753492918,599379638,17841220612,550022559,1221759901,-1239450074,15736892,-607222866,59153588
12/31/05,05Q4,2005,4,31,12,INDUSTRIAL,438048036,4328174569,1778410027,4492641368,936751516,540450724,12514476240,978744639,1918659163,1496489446,5801130441,1565341015,754111536,12514476240,-540696603,2409515405,281920581,-1308489072,-628589499,-213660812
3/31/06,06Q1,2006,1,31,3,INDUSTRIAL,716612908,5865663364,1262310440,4742714698,897223659,365916591,13850441658,400081428,1290796150,4375939323,5906188575,1391869357,485566825,13850441658,316531479,4574867214,-3113628884,-1163473877,-494645698,-119650234
6/30/06,06Q2,2006,2,30,6,INDUSTRIAL,581451945,4449283051,1333024885,5156146798,1354871981,406765439,13281544099,330164587,2448195461,1369544721,6360449531,2190879487,582310311,13281544099,251287358,2001087589,-36519836,-1204302733,-836007506,-175544872
9/30/06,06Q3,2006,3,30,9,INDUSTRIAL,473668947,2099328838,943972578,5843566993,1359697970,384284534,11104519859,156004430,1648976376,885990306,5421340754,2051257699,940950294,11104519859,317664517,450352462,57982271,422226239,-691559729,-556665760
12/31/06,06Q4,2006,4,31,12,INDUSTRIAL,360814425,3869309890,1602519758,6439964979,1432880760,397662193,14103152005,333817367,2032890900,1538977359,5978485952,2745851593,1473128835,14103152005,26997058,1836418990,63542399,461479028,-1312970833,-1075466642
3/31/07,07Q1,2007,1,31,3,INDUSTRIAL,670976950,4809383961,1351462118,6346059203,846550467,187708825,14212141524,215039287,4254795437,537050386,6711845681,1651305055,842105677,14212141524,455937663,554588524,814411731,-365786478,-804754588,-654396852
6/30/07,07Q2,2007,2,30,6,INDUSTRIAL,362363099,6890724740,1658145043,6281509167,1006714784,202679046,16402135878,430884656,6354215847,704133691,6014938276,2306606313,591357095,16402135878,-68521558,536508894,954011352,266570890,-1299891529,-388678050
9/30/07,07Q3,2007,3,30,9,INDUSTRIAL,1143680848,6637986851,2817193071,6549673306,1313349750,241568708,18703452533,2323615450,3926221938,563713278,9146069125,2024453500,719379241,18703452533,-1179934602,2711764912,2253479793,-2596395820,-711103750,-477810533
12/31/07,07Q4,2007,4,31,12,INDUSTRIAL,296402514,3549005859,952096089,5539449806,1327368300,298865983,11963188550,563534663,1949962608,874339926,5397128990,2558790274,619432089,11963188550,-267132148,1599043251,77756162,142320816,-1231421975,-320566107
3/31/08,08Q1,2008,1,31,3,INDUSTRIAL,326332200,3551356632,489059768,3912544048,937150357,301245444,9517688449,214664497,2307676574,501558741,4280968023,1550222487,662598128,9517688449,111667703,1243680058,-12498972,-368423975,-613072130,-361352684
6/30/08,08Q2,2008,2,30,6,INDUSTRIAL,78165124,1589627809,313931399,3551498697,1055114740,193578218,6781915987,40903500,846518460,713661381,3134288262,1449646919,596897464,6781915987,37261624,743109349,-399729982,417210435,-394532180,-403319245
9/30/08,08Q3,2008,3,30,9,INDUSTRIAL,363805114,1244582993,439684971,2779675023,1168700445,166744860,6163193406,129665551,892620126,464519590,2963275468,1240817061,472295609,6163193406,234139563,351962866,-24834619,-183600445,-72116616,-305550749
12/31/08,08Q4,2008,4,31,12,INDUSTRIAL,28977340,812504185,227809141,1773729680,909562853,169260395,3921843593,195437749,490250775,304006667,1828766583,844150866,259230953,3921843593,-166460409,322253410,-76197526,-55036903,65411986,-89970558
3/31/09,09Q1,2009,1,31,3,INDUSTRIAL,60341500,202659071,134350900,729474150,524772868,118780688,1770379177,11875000,239542375,172156900,868493699,293071345,185239858,1770379177,48466500,-36883304,-37806000,-139019550,231701524,-66459170
6/30/09,09Q2,2009,2,30,6,INDUSTRIAL,46425000,889917952,62151444,1139893494,750649665,70816978,2959854534,57439500,467421882,752246318,995855317,509435613,177455904,2959854534,-11014500,422496070,-690094874,144038177,241214052,-106638926
9/30/09,09Q3,2009,3,30,9,INDUSTRIAL,81241000,293750691,99151780,979934412,823892835,106398000,2384368717,27899329,628324420,167155492,1070717976,315468000,174803500,2384368717,53341670,-334573730,-68003712,-90783564,508424835,-68405500
12/31/09,09Q4,2009,4,31,12,INDUSTRIAL,256944460,527366881,236937401,1201840054,951902309,62882634,3237873739,230457762,613931705,288290237,1414825264,482312592,208056180,3237873739,26486698,-86564824,-51352835,-212985210,469589717,-145173546
3/31/10,10Q1,2010,1,31,3,INDUSTRIAL,87478250,242078073,545228200,1090259546,821519810,55249340,2841813219,86949000,461390288,67416833,1091906648,1048931744,85218706,2841813219,529250,-219312215,477811367,-1647102,-227411934,-29969366
6/30/10,10Q2,2010,2,30,6,INDUSTRIAL,90607000,596739192,169226207,1946959028,910000206,110519265,3824050898,434362133,588548030,895378552,1178674264,502931219,224156699,3824050898,-343755133,8191162,-726152345,768284764,407068987,-113637434
9/30/10,10Q3,2010,3,30,9,INDUSTRIAL,177828500,1389180252,1528642867,1268042236,729647933,108090964,5201432752,96602852,2061622747,133776815,1860317176,536113412,512999749,5201432752,81225648,-672442495,1394866052,-592274940,193534520,-404908785
12/31/10,10Q4,2010,4,31,12,INDUSTRIAL,95391667,4645799094,1010111528,2313764427,1120963193,96541000,9282570908,229700428,1882251510,1133608514,3866139382,1978998585,191872488,9282570908,-134308761,2763547583,-123496987,-1552374955,-858035392,-95331488
3/31/11,11Q1,2011,1,31,3,INDUSTRIAL,312093715,1045548066,197582101,1873779663,861267010,16295000,4306565555,217467288,771902601,392233247,1752181084,1034334191,138447144,4306565555,94626426,273645465,-194651146,121598579,-173067181,-122152144
6/30/11,11Q2,2011,2,30,6,INDUSTRIAL,162851247,2487769659,8400946414,2358919435,1169587120,96517065,14676590940,351054582,1346256577,8185417674,3351991312,1212249528,229621268,14676590940,-188203335,1141513082,215528741,-993071877,-42662408,-133104203
9/30/11,11Q3,2011,3,30,9,INDUSTRIAL,554808168,2518324456,639242952,2711377189,939377430,69937631,7433067826,494188028,2503114570,660765416,2615215720,1028630961,131153131,7433067826,60620140,15209886,-21522464,96161469,-89253531,-61215500
12/31/11,11Q4,2011,4,31,12,INDUSTRIAL,337951855,2120942560,1819786093,3002797172,1247460475,131523945,8660462101,804208244,2423312131,684623329,3218799689,1228582605,300936103,8660462101,-466256389,-302369571,1135162764,-216002517,18877870,-169412158
3/31/12,12Q1,2012,1,31,3,INDUSTRIAL,249845766,1266859274,433054991,2563511849,851473441,70013058,5434758379,466116651,1166928980,720432063,2001191758,929634331,150454597,5434758379,-216270886,99930294,-287377072,562320092,-78160889,-80441539
6/30/12,12Q2,2012,2,30,6,INDUSTRIAL,251143543,2962927080,742316834,3552077097,1327239778,53061112,8888765443,910995975,2320145843,801191177,3506311270,1150884715,199236462,8888765443,-659852433,642781237,-58874343,45765827,176355062,-146175350
9/30/12,12Q3,2012,3,30,9,INDUSTRIAL,363327567,2161079344,871767230,3327683199,1292250935,96216030,8112324305,312655849,2118875692,595806231,3900930585,921440704,262615244,8112324305,50671718,42203653,275960999,-573247386,370810231,-166399214
12/31/12,12Q4,2012,4,31,12,INDUSTRIAL,2120515537,3078406976,1349997665,6089577447,2248243823,129959396,15016700843,532638721,2891887504,2676299088,6701740216,1928199443,285935871,15016700843,1587876815,186519472,-1326301423,-612162769,320044380,-155976475
3/31/13,13Q1,2013,1,31,3,INDUSTRIAL,704337789,944668389,2245024117,3089860954,1092744651,28994831,8105630732,612047397,1591764773,2044284146,2508422728,1144408080,204703608,8105630732,92290392,-647096383,200739971,581438225,-51663429,-175708777
6/30/13,13Q2,2013,2,30,6,INDUSTRIAL,157011656,2255001194,1853686606,4338778415,1255468056,33985000,9893930928,425350852,3272029591,728035133,4018473244,1208217817,241824291,9893930928,-268339196,-1017028397,1125651474,320305171,47250240,-207839291
9/30/13,13Q3,2013,3,30,9,INDUSTRIAL,792849061,2929638562,4131674090,4244889212,1684756785,116871842,13900679551,613382763,3381922404,686720827,7216238444,1487627127,514787986,13900679551,179466298,-452283841,3444953263,-2971349232,197129657,-397916144
12/31/13,13Q4,2013,4,31,12,INDUSTRIAL,1331154721,3275426132,3799551085,4647603655,1784272031,125676471,14963684094,1796111793,4204422420,1829819099,4538314415,2231198854,363817513,14963684094,-464957072,-928996288,1969731986,109289239,-446926823,-238141042
3/31/14,14Q1,2014,1,31,3,INDUSTRIAL,885339445,2894655909,492657550,5038989826,1545855213,48473805,10905971748,611580144,2703678716,1214212534,4685933626,1204529513,486037215,10905971748,273759301,190977193,-721554984,353056200,341325699,-437563410
6/30/14,14Q2,2014,2,30,6,INDUSTRIAL,411096165,3189106850,1263602636,5836114872,1467953415,109727630,12277601568,420492350,1810662817,916861385,6041146746,2823229290,265208980,12277601568,-9396185,1378444033,346741250,-205031874,-1355275875,-155481350
9/30/14,14Q3,2014,3,30,9,INDUSTRIAL,773197886,3086968125,790040312,5099900301,1681534234,244575116,11676215975,349691926,2936010227,524418829,5722963340,1749236111,393895542,11676215975,423505961,150957898,265621483,-623063039,-67701877,-149320426
12/31/14,14Q4,2014,4,31,12,INDUSTRIAL,304980200,3927565407,3258727730,6226444752,1598188419,173976180,15489882688,866348485,3177168969,1504070116,7864627514,1725838736,351828868,15489882688,-561368285,750396438,1754657614,-1638182763,-127650317,-177852688
3/31/15,15Q1,2015,1,31,3,INDUSTRIAL,9294771934,1871824704,2658698774,4620427789,1970009149,204355924,20620088274,555356436,10325333874,2097503613,5563810244,1785334541,292749565,20620088274,8739415498,-8453509170,561195161,-943382455,184674608,-88393641
6/30/15,15Q2,2015,2,30,6,INDUSTRIAL,5784811514,2819322296,919968709,5694925795,1660909959,191416202,17071354475,240170431,7727372943,919733279,5876187938,1956439048,351450836,17071354475,5544641083,-4908050647,235429,-181262143,-295529088,-160034634
9/30/15,15Q3,2015,3,30,9,INDUSTRIAL,626578529,3694039526,1586454255,6043709814,1602038328,185381157,13738201610,803686066,2844282134,802897035,6783065417,2051355458,452915499,13738201610,-177107537,849757392,783557219,-739355602,-449317130,-267534341
12/31/15,15Q4,2015,4,31,12,INDUSTRIAL,10939385469,3746380479,2752747782,7627511813,1772461800,193520730,27032008073,4063025181,3100577220,2470424593,14331902332,2696659933,369418814,27032008073,6876360288,645803259,282323190,-6704390519,-924198133,-175898084
3/31/16,16Q1,2016,1,31,3,INDUSTRIAL,433194104,5466911818,547563533,5372517590,1542801632,59313463,13422302140,212129446,1717906086,3769580654,5974672776,1579262080,168751097,13422302140,221064658,3749005732,-3222017121,-602155186,-36460449,-109437634
6/30/16,16Q2,2016,2,30,6,INDUSTRIAL,519866172,2347799423,1539710244,7331677926,2031668272,84149386,13854871422,728040679,3357498474,1003875691,5970850337,2481896042,312710200,13854871422,-208174507,-1009699051,535834552,1360827590,-450227770,-228560814
9/30/16,16Q3,2016,3,30,9,INDUSTRIAL,885559751,3891691389,1941678153,6561362565,1623298422,219692899,15123283179,677210644,4625642447,1041469653,6302842979,2158444787,317672669,15123283179,208349106,-733951058,900208500,258519587,-535146365,-97979770
12/31/16,16Q4,2016,4,31,12,INDUSTRIAL,1642356180,4664556854,2015032259,7296702979,2042806911,201123676,17862578859,827891502,5414661673,1005643319,8030692071,2462943817,120746477,17862578859,814464677,-750104819,1009388941,-733989093,-420136905,80377199
3/31/17,17Q1,2017,1,31,3,INDUSTRIAL,1405158449,3386678671,1469774184,6992390596,2240106297,151168647,15645276844,685535160,4872201761,429254238,5994678106,3466356841,197250737,15645276844,719623288,-1485523089,1040519945,997712490,-1226250544,-46082090
6/30/17,17Q2,2017,2,30,6,INDUSTRIAL,1178996927,2708418723,2401254123,7208900901,1667269747,300279155,15465119576,671080657,3473237638,598272814,8348185919,2129713009,244629538,15465119576,507916269,-764818915,1802981309,-1139285018,-462443262,55649617
9/30/17,17Q3,2017,3,30,9,INDUSTRIAL,1535735371,5432157865,6827589844,8098562445,1771356085,81452465,23746854075,595931310,7336679645,4455900409,8931257013,2252357235,174728462,23746854075,939804061,-1904521780,2371689435,-832694568,-481001151,-93275997
12/31/17,17Q4,2017,4,31,12,INDUSTRIAL,1959394239,3904566501,2889727272,8057530641,1994172686,95096197,18900487536,1898784068,3218370434,1116176926,9699421607,2785450858,182283644,18900487536,60610172,686196067,1773550346,-1641890966,-791278172,-87187446
3/31/18,18Q1,2018,1,31,3,INDUSTRIAL,4369895351,2743403279,1332858946,10325339338,1946754076,224188998,20942439989,4808703025,3832019367,1058298167,8969591558,2134840872,138987000,20942439989,-438807674,-1088616088,274560780,1355747780,-188086796,85201998
6/30/18,18Q2,2018,2,30,6,INDUSTRIAL,4135796685,4196582598,2210755922,7801283868,1191414218,164894158,19700727449,1141395888,2849363802,1038822613,12024989760,2423464582,222690804,19700727449,2994400797,1347218795,1171933309,-4223705892,-1232050364,-57796647
9/30/18,18Q3,2018,3,30,9,INDUSTRIAL,1049292793,4686714149,9683933220,7511887636,1230120979,393539984,24555488762,743408666,2937405466,8850150810,8853156668,3022868746,148498404,24555488762,305884127,1749308683,833782410,-1341269032,-1792747767,245041579
12/31/18,18Q4,2018,4,31,12,INDUSTRIAL,1801795497,12116484516,2894662937,8777128472,1350784491,300650214,27241506127,1203658642,3895260305,8166815448,10405142241,3298607655,272021836,27241506127,598136855,8221224211,-5272152510,-1628013770,-1947823164,28628378
3/31/01,01Q1,2001,1,31,3,MULTIFAMILY,148360000,1073563306,641260910,2522516446,37400000,194350491,4617451153,49695000,986421251,454938961,2055889979,35776000,1034729962,4617451153,98665000,87142055,186321949,466626467,1624000,-840379472
6/30/01,01Q2,2001,2,30,6,MULTIFAMILY,29997500,1589423892,508471992,2812709249,156300000,383774130,5480676763,51150000,908209672,892592250,2489557956,46900000,1092266885,5480676763,-21152500,681214221,-384120258,323151292,109400000,-708492755
9/30/01,01Q3,2001,3,30,9,MULTIFAMILY,68766000,1312951701,830415833,3504229409,73900000,329500483,6119763426,69296667,1160523934,1205868612,2691469340,50012500,942592373,6119763426,-530667,152427767,-375452779,812760069,23887500,-613091890
12/31/01,01Q4,2001,4,31,12,MULTIFAMILY,13271300,1321049248,402970782,3253068869,125100000,226697391,5342157590,252947141,1010549690,783120000,2374213307,69295000,852032453,5342157590,-239675841,310499558,-380149218,878855562,55805000,-625335061
3/31/02,02Q1,2002,1,31,3,MULTIFAMILY,75625000,894736722,1346163663,2601667070,244120000,204008850,5366321306,263225000,1161750102,481467489,2877607129,19100000,563171586,5366321306,-187600000,-267013379,864696174,-275940059,225020000,-359162736
6/30/02,02Q2,2002,2,30,6,MULTIFAMILY,308586500,1395515500,1069084789,3266601225,63600000,179530919,6282918933,136150000,1527675000,817232000,2664634297,70300000,1066927636,6282918933,172436500,-132159500,251852789,601966927,-6700000,-887396717
9/30/02,02Q3,2002,3,30,9,MULTIFAMILY,104880000,1445693139,1036816100,3209908210,245933333,190626299,6233857080,99198000,1460992342,564723773,3454478866,0,654464100,6233857080,5682000,-15299203,472092327,-244570656,245933333,-463837802
12/31/02,02Q4,2002,4,31,12,MULTIFAMILY,190800000,1943855819,972267228,4279483755,125955500,275570500,7787932801,156848000,1340322983,1111475737,3849670477,43554000,1286061604,7787932801,33952000,603532835,-139208508,429813277,82401500,-1010491104
3/31/03,03Q1,2003,1,31,3,MULTIFAMILY,254082421,1101194525,373208112,3923775269,58500000,261048703,5971809029,228289600,618499175,927947547,2907273227,167376521,1122422959,5971809029,25792821,482695350,-554739435,1016502041,-108876521,-861374256
6/30/03,03Q2,2003,2,30,6,MULTIFAMILY,172904000,2268570477,1130633198,4934751610,88531000,316771068,8912161353,154141667,1643035692,1808145970,3989518580,74880928,1242438515,8912161353,18762333,625534784,-677512772,945233030,13650072,-925667448
9/30/03,03Q3,2003,3,30,9,MULTIFAMILY,90985000,1447080808,957545756,4798657041,106287750,341939195,7742495550,127467874,2005663500,1574575596,2984608327,48575000,1001605253,7742495550,-36482874,-558582692,-617029840,1814048714,57712750,-659666058
12/31/03,03Q4,2003,4,31,12,MULTIFAMILY,172495000,2477623090,1474664285,5626198408,270279400,440872975,10462133158,61700000,2487245319,1829825992,4759373060,66767833,1257220954,10462133158,110795000,-9622229,-355161708,866825348,203511567,-816347979
3/31/04,04Q1,2004,1,31,3,MULTIFAMILY,169442500,1852532646,1399981833,5868986218,52496000,211904818,9555344015,198181005,1569075234,1295567594,5352491939,31375000,1108653243,9555344015,-28738505,283457412,104414239,516494278,21121000,-896748425
6/30/04,04Q2,2004,2,30,6,MULTIFAMILY,249850000,2260988669,1083077467,7955517302,28704500,398014631,11976152569,152856667,2236473493,1177595495,7064376616,53725000,1291125298,11976152569,96993333,24515177,-94518028,891140686,-25020500,-893110668
9/30/04,04Q3,2004,3,30,9,MULTIFAMILY,356493000,2843277508,1755457578,8200815790,224710000,590342969,13971096845,65435000,2337250963,2477584915,7616780966,186377000,1287668001,13971096845,291058000,506026545,-722127337,584034824,38333000,-697325032
12/31/04,04Q4,2004,4,31,12,MULTIFAMILY,317329669,3768579076,2520381194,10926774663,78624267,724277319,18335966189,146079000,4435782771,2550618331,9803439025,247825000,1152222062,18335966189,171250669,-667203694,-30237137,1123335638,-169200733,-427944743
3/31/05,05Q1,2005,1,31,3,MULTIFAMILY,1404600000,3521367842,4349708656,12493895322,94939000,820593053,22685103872,194139827,4476372433,4378706484,12523834333,251422767,860628028,22685103872,1210460173,-955004592,-28997828,-29939011,-156483767,-40034975
6/30/05,05Q2,2005,2,30,6,MULTIFAMILY,458286354,3718038462,1685208295,12634074330,216809478,910155529,19622572448,81243700,3724599542,1378305289,13174652626,132783463,1130987828,19622572448,377042654,-6561080,306903006,-540578295,84026015,-220832300
9/30/05,05Q3,2005,3,30,9,MULTIFAMILY,771335000,9088852393,3348747900,16567924995,170123150,990855467,30937838904,619784333,4836302686,5067304247,18292253005,170525000,1951669632,30937838904,151550667,4252549707,-1718556348,-1724328011,-401850,-960814165
12/31/05,05Q4,2005,4,31,12,MULTIFAMILY,792568894,5148105183,3419552975,16201150818,139950100,1046106658,26747434628,1627912098,6744514331,2454118340,14157529488,249537163,1513823209,26747434628,-835343204,-1596409148,965434636,2043621330,-109587063,-467716551
3/31/06,06Q1,2006,1,31,3,MULTIFAMILY,3355417214,7249493822,1973765445,15276226502,288147075,613702127,28756752186,233148500,3380084561,5359236983,18238511600,264829944,1280940598,28756752186,3122268714,3869409261,-3385471537,-2962285098,23317131,-667238471
6/30/06,06Q2,2006,2,30,6,MULTIFAMILY,637486592,6683921005,1348706347,12319377810,303341080,499480583,21792313418,1789690678,3790182364,2053579361,12700079650,394161118,1064620246,21792313418,-1152204086,2893738641,-704873014,-380701840,-90820038,-565139663
9/30/06,06Q3,2006,3,30,9,MULTIFAMILY,721387162,5085901868,2360076142,10827814335,169979034,499775175,19664933715,128390000,2911719387,1139301990,13370091441,386913625,1728517273,19664933715,592997162,2174182481,1220774152,-2542277106,-216934591,-1228742098
12/31/06,06Q4,2006,4,31,12,MULTIFAMILY,770398321,14250043225,3327844385,10807385105,107106668,537303737,29800081441,1560593167,9347508431,3510235474,12924564454,257792545,2199387371,29800081441,-790194846,4902534795,-182391089,-2117179349,-150685877,-1662083634
3/31/07,07Q1,2007,1,31,3,MULTIFAMILY,2491959653,6090559455,1295334831,11990885673,214708837,354558500,22438006949,265736040,4224969342,2160416112,13472585017,647531858,1666768580,22438006949,2226223613,1865590112,-865081281,-1481699344,-432823021,-1312210080
6/30/07,07Q2,2007,2,30,6,MULTIFAMILY,1134554205,5083613121,1763232966,12836500083,145230200,273705133,21236835709,247525000,3640375682,1656950753,14218830297,235019500,1238134477,21236835709,887029205,1443237438,106282214,-1382330214,-89789300,-964429344
9/30/07,07Q3,2007,3,30,9,MULTIFAMILY,962896523,9106271206,1230812566,12562345302,476218729,238118500,24576662826,541322647,3371290577,3298900358,16070462677,98581392,1196105175,24576662826,421573876,5734980629,-2068087792,-3508117375,377637338,-957986675
12/31/07,07Q4,2007,4,31,12,MULTIFAMILY,609239836,24154516774,573266600,10465955172,235794825,324367362,36363140569,395132678,3075863537,21614278841,10146307205,138430000,993128308,36363140569,214107158,21078653237,-21041012241,319647967,97364825,-668760946
3/31/08,08Q1,2008,1,31,3,MULTIFAMILY,739808009,5495088891,779801500,7182929316,102933217,195052587,14495613520,278338915,2076981614,2940222495,8053110676,235863333,911096486,14495613520,461469093,3418107277,-2160420995,-870181360,-132930117,-716043899
6/30/08,08Q2,2008,2,30,6,MULTIFAMILY,601993193,2334060801,1287294781,6284637926,199429199,215811000,10923226900,193362185,2099782246,2326230693,5332927081,33470000,937454695,10923226900,408631008,234278555,-1038935911,951710844,165959199,-721643695
9/30/08,08Q3,2008,3,30,9,MULTIFAMILY,208325000,2714168952,873804045,6679895891,440930500,267014978,11184139366,77653000,2402468065,2205475066,5536115799,90485099,871942338,11184139366,130672000,311700887,-1331671021,1143780092,350445401,-604927360
12/31/08,08Q4,2008,4,31,12,MULTIFAMILY,158393059,1273996999,237291000,4101462602,112594347,188988929,6072726936,7600000,860523667,1286388418,3307901494,36012496,574300862,6072726936,150793059,413473333,-1049097418,793561108,76581851,-385311933
3/31/09,09Q1,2009,1,31,3,MULTIFAMILY,41385000,287780733,4500000,2400342100,25230000,108069500,2867307333,25900000,393837966,471754993,1675896131,93433969,206484274,2867307333,15485000,-106057233,-467254993,724445969,-68203969,-98414774
6/30/09,09Q2,2009,2,30,6,MULTIFAMILY,356331307,498506292,212234229,2886629717,101195548,139366125,4194263218,85312500,1266560553,718895003,1750196322,34564850,338733989,4194263218,271018807,-768054261,-506660774,1136433395,66630698,-199367864
9/30/09,09Q3,2009,3,30,9,MULTIFAMILY,227612000,588290023,66500000,3223357985,49720000,106161767,4261641774,60395000,947275064,1020833772,1853905181,104374924,274857833,4261641774,167217000,-358985041,-954333772,1369452804,-54654924,-168696067
12/31/09,09Q4,2009,4,31,12,MULTIFAMILY,283885000,615745340,360621518,4466463263,137231750,102333000,5966279870,227780000,1415767793,1216077303,2748594198,134243956,223816620,5966279870,56105000,-800022454,-855455785,1717869065,2987794,-121483620
3/31/10,10Q1,2010,1,31,3,MULTIFAMILY,399896528,1080063309,765090691,2590268118,196968990,48266500,5080554136,38275000,942404163,645076240,3168635465,109397500,176765769,5080554136,361621528,137659147,120014451,-578367347,87571490,-128499269
6/30/10,10Q2,2010,2,30,6,MULTIFAMILY,350112000,1161721246,463367715,3590999807,76139045,67794780,5710134593,92135000,1636206847,409735084,3171464413,101021444,299571805,5710134593,257977000,-474485602,53632632,419535393,-24882399,-231777025
9/30/10,10Q3,2010,3,30,9,MULTIFAMILY,464815269,3269637175,2192501415,4319712474,37512606,216079912,10500258851,376430067,4264585923,562207200,4542702604,321063141,433269917,10500258851,88385202,-994948747,1630294215,-222990130,-283550536,-217190005
12/31/10,10Q4,2010,4,31,12,MULTIFAMILY,747193875,4484843020,1363757407,7633124655,192410000,115580151,14536909108,207834207,4629218077,1076207484,7594733065,347160238,681756037,14536909108,539359668,-144375057,287549923,38391590,-154750238,-566175887
3/31/11,11Q1,2011,1,31,3,MULTIFAMILY,380731000,3611432057,1030911305,3900992794,84108293,29000876,9037176325,178104167,2781303930,599383392,4784846941,133161734,560376161,9037176325,202626833,830128126,431527913,-883854147,-49053441,-531375285
6/30/11,11Q2,2011,2,30,6,MULTIFAMILY,1157157649,5146713213,1602913434,6439895430,118479637,80770445,14545929808,774475097,2678448817,1920449535,8125508422,335387050,711660887,14545929808,382682552,2468264396,-317536102,-1685612992,-216907413,-630890442
9/30/11,11Q3,2011,3,30,9,MULTIFAMILY,1228632319,5422997930,1873529341,6655723785,91794147,120028535,15392706056,262346862,3771745068,1127765877,9254067926,463408412,513371912,15392706056,966285457,1651252862,745763464,-2598344141,-371614265,-393343377
12/31/11,11Q4,2011,4,31,12,MULTIFAMILY,1418245457,5571554201,2272444617,8859547855,58679309,142922863,18323394303,622419710,5099308711,961050199,10726947737,253834847,659833099,18323394303,795825748,472245490,1311394418,-1867399882,-195155538,-516910236
3/31/12,12Q1,2012,1,31,3,MULTIFAMILY,797793500,3659089828,1278406124,7629140032,21449637,84350756,13470229877,288000000,4313238950,604538333,7438106887,317452757,508892951,13470229877,509793500,-654149122,673867791,191033145,-296003120,-424542195
6/30/12,12Q2,2012,2,30,6,MULTIFAMILY,838784679,7013066053,1513653334,8328170716,54086553,113815149,17861576484,502784174,6082662197,1141976185,8620291745,180778447,1333083736,17861576484,336000505,930403857,371677148,-292121029,-126691894,-1219268587
9/30/12,12Q3,2012,3,30,9,MULTIFAMILY,1052615474,13542324848,2152787840,9348722392,191521358,85810000,26373781912,8381648571,5602617042,660520155,10758235038,257679828,713081280,26373781912,-7329033097,7939707807,1492267685,-1409512646,-66158470,-627271280
12/31/12,12Q4,2012,4,31,12,MULTIFAMILY,1882793140,8269534609,2285822448,15937327185,327679018,281527114,28984683513,1095074029,7923297223,2068914841,16332429926,757014212,807953283,28984683513,787719111,346237385,216907607,-395102741,-429335194,-526426169
3/31/13,13Q1,2013,1,31,3,MULTIFAMILY,2780783290,3015150764,15681594124,9471789648,63086543,174847556,31187251925,1270471983,18283337213,3874906409,7012316588,169578714,576641018,31187251925,1510311307,-15268186449,11806687715,2459473060,-106492171,-401793462
6/30/13,13Q2,2013,2,30,6,MULTIFAMILY,1491368180,4881232345,1268242267,10644890624,87645989,162673432,18536052837,686399884,6083007703,1506366731,9310351654,362598894,587327970,18536052837,804968296,-1201775359,-238124465,1334538970,-274952905,-424654538
9/30/13,13Q3,2013,3,30,9,MULTIFAMILY,1205945558,6981949993,669728167,12333714538,117821217,245427486,21554586957,826205286,6560844980,1542911733,11319145375,451450574,854029009,21554586957,379740272,421105012,-873183567,1014569162,-333629357,-608601523
12/31/13,13Q4,2013,4,31,12,MULTIFAMILY,1715417783,8982157127,3314646563,16192188037,328527491,515568739,31048505739,1444939881,8839684907,3245809151,15515644543,916148641,1086278617,31048505739,270477902,142472220,68837412,676543495,-587621150,-570709878
3/31/14,14Q1,2014,1,31,3,MULTIFAMILY,759986309,5269011582,628773800,12179150207,229797756,262281425,19329001080,616394264,5382766321,780790933,11464814802,410474406,673760354,19329001080,143592045,-113754739,-152017133,714335405,-180676650,-411478928
6/30/14,14Q2,2014,2,30,6,MULTIFAMILY,1534732865,6284581364,5138891740,13411752293,219827181,285816080,26875601523,514215000,5360550718,5422077130,13683517694,1001582632,893658349,26875601523,1020517865,924030646,-283185390,-271765401,-781755451,-607842269
9/30/14,14Q3,2014,3,30,9,MULTIFAMILY,2347447930,9267310086,1438591205,18015045331,293298208,202470160,31564162919,1578844574,10319393044,1780440672,16494806441,397124548,993553640,31564162919,768603357,-1052082958,-341849467,1520238890,-103826341,-791083480
12/31/14,14Q4,2014,4,31,12,MULTIFAMILY,1410682750,9275545155,1651082395,21698190972,294596700,573588929,34903686901,981622228,10241972850,1568670435,20319804899,605713234,1185903256,34903686901,429060522,-966427694,82411960,1378386072,-311116534,-612314326
3/31/15,15Q1,2015,1,31,3,MULTIFAMILY,4817839261,8726392114,1215332747,18978748195,79141500,131533921,33948987737,925850070,8539151428,1680138112,22060882046,129572864,613393217,33948987737,3891989191,187240686,-464805365,-3082133851,-50431364,-481859297
6/30/15,15Q2,2015,2,30,6,MULTIFAMILY,2557935190,6791307866,1665134663,19559998297,294127004,337698122,31206201143,1420447717,7802286547,1532844498,19362445197,255289655,832887530,31206201143,1137487473,-1010978681,132290165,197553100,38837349,-495189408
9/30/15,15Q3,2015,3,30,9,MULTIFAMILY,1474233944,8743794492,1406365188,22258200908,130872657,287251646,34300718836,961267648,8515019152,3110472055,20555814706,325761113,832384162,34300718836,512966296,228775340,-1704106867,1702386202,-194888456,-545132516
12/31/15,15Q4,2015,4,31,12,MULTIFAMILY,8673668026,18173662494,2503998310,22274489836,239749133,925856001,52791423799,1625685224,10202049375,9954230986,24123693126,846194009,6039571080,52791423799,7047982803,7971613119,-7450232676,-1849203291,-606444876,-5113715079
3/31/16,16Q1,2016,1,31,3,MULTIFAMILY,3029252356,14392755712,1463734656,20047194415,249808295,486160239,39668905674,897834967,7980030740,8994597233,21023989188,277762198,494691347,39668905674,2131417389,6412724972,-7530862577,-976794773,-27953903,-8531108
6/30/16,16Q2,2016,2,30,6,MULTIFAMILY,3062800220,7960108663,1377889195,22259534438,311182994,433095209,35404610718,1739720640,7317577524,1826894278,23590867483,360253465,569297329,35404610718,1323079580,642531139,-449005083,-1331333044,-49070471,-136202120
9/30/16,16Q3,2016,3,30,9,MULTIFAMILY,1593539725,8184652575,1103448010,25737034260,322707833,961665707,37903048110,1592822708,10677559570,1822963298,22840210769,378431335,591060430,37903048110,717017,-2492906996,-719515288,2896823491,-55723502,370605278
12/31/16,16Q4,2016,4,31,12,MULTIFAMILY,3535355522,9750669401,4840128205,27442123710,202338520,1016365718,46786981076,1597129094,14197069772,6317358583,23145508796,834464082,695450749,46786981076,1938226428,-4446400371,-1477230378,4296614914,-632125562,320914969
3/31/17,17Q1,2017,1,31,3,MULTIFAMILY,2102072750,4971753960,1317299746,18928084103,211397550,489886360,28020494468,831723685,7536960791,1959996358,16875672947,306165120,509975568,28020494468,1270349065,-2565206831,-642696612,2052411156,-94767570,-20089208
6/30/17,17Q2,2017,2,30,6,MULTIFAMILY,2597947235,10284876770,1464603404,21678409895,275870998,669826869,36971535170,4487592164,10331833766,1286240029,20112951084,385238693,367679435,36971535170,-1889644929,-46956996,178363374,1565458811,-109367694,302147434
9/30/17,17Q3,2017,3,30,9,MULTIFAMILY,5306240574,8012582061,2221417445,25788359020,328832360,650831381,42308262841,1398567130,11256555019,4258426419,24635452126,491658601,267603546,42308262841,3907673444,-3243972958,-2037008974,1152906894,-162826241,383227835
12/31/17,17Q4,2017,4,31,12,MULTIFAMILY,3112139228,12272186390,2095374537,27316540743,919165881,899326350,46614733129,1171656500,15070890597,1156298000,28229798249,328040728,658049054,46614733129,1940482728,-2798704207,939076537,-913257507,591125153,241277296
3/31/18,18Q1,2018,1,31,3,MULTIFAMILY,2611268347,6796478085,1206756361,24080709212,363823388,667624841,35726660234,1288640210,7606055598,1228353367,25142689950,171420100,289501008,35726660234,1322628137,-809577513,-21597006,-1061980738,192403288,378123833
6/30/18,18Q2,2018,2,30,6,MULTIFAMILY,2895652713,8770344956,983937454,22997264934,211036019,692072391,36550308466,1651062809,8758313283,1525474834,24240157619,231773491,143526430,36550308466,1244589904,12031673,-541537381,-1242892685,-20737472,548545961
9/30/18,18Q3,2018,3,30,9,MULTIFAMILY,2967581809,9983434415,2184209022,32819844079,273946867,1190688140,49419704333,3034066028,12071636734,6335870139,27237889548,336705148,403536735,49419704333,-66484220,-2088202319,-4151661117,5581954531,-62758281,787151405
12/31/18,18Q4,2018,4,31,12,MULTIFAMILY,6283887564,12415840144,778969989,29360510050,515911915,1560049412,50915169075,2336099001,10108997442,6581495302,30317364988,724125886,847086456,50915169075,3947788564,2306842703,-5802525313,-956854938,-208213971,712962956
3/31/05,05Q1,2005,1,31,3,HOTEL,8450000,2478569563,1399510035,2484945460,79400000,139691800,6590566858,855482925,961589763,1565891560,2616351203,163045000,428206406,6590566858,-847032925,1516979800,-166381526,-131405744,-83645000,-288514606
6/30/05,05Q2,2005,2,30,6,HOTEL,271650000,2234056821,2441642679,2207996178,93580325,203469367,7452395369,1606015500,1264955336,1002082049,3165706798,47508000,366127686,7452395369,-1334365500,969101485,1439560630,-957710620,46072325,-162658319
9/30/05,05Q3,2005,3,30,9,HOTEL,542614000,3742113892,1074208650,3986127617,57825000,160159000,9563048159,89000000,2032379966,4731407173,2353358753,5970100,350932167,9563048159,453614000,1709733926,-3657198523,1632768864,51854900,-190773167
12/31/05,05Q4,2005,4,31,12,HOTEL,207000000,2368671263,969270625,3940824738,106741600,250583480,7843091706,943966667,1094755000,2789671053,2432814780,28500000,553384207,7843091706,-736966667,1273916263,-1820400428,1508009958,78241600,-302800727
3/31/06,06Q1,2006,1,31,3,HOTEL,109500000,6447958375,1980118729,4569879453,46340000,232430130,13386226687,875903929,2275989100,5548902575,4098519671,107193500,479717912,13386226687,-766403929,4171969275,-3568783846,471359782,-60853500,-247287782
6/30/06,06Q2,2006,2,30,6,HOTEL,533195000,7603873746,4159319800,2622299777,96121000,149020745,15163830068,1137761000,1488432667,6104276236,5934082396,12950000,486327769,15163830068,-604566000,6115441080,-1944956436,-3311782620,83171000,-337307024
9/30/06,06Q3,2006,3,30,9,HOTEL,684840736,2148804204,1982573597,3241695718,67973378,41076000,8166963633,633664950,2003070597,1603029340,3214607718,162080300,550510728,8166963633,51175786,145733607,379544257,27088000,-94106922,-509434728
12/31/06,06Q4,2006,4,31,12,HOTEL,869092665,1600300705,1000527727,2399889538,59400001,148055000,6077265636,304139075,1587849869,1054382200,2841176822,52164359,237553310,6077265636,564953590,12450836,-53854473,-441287284,7235642,-89498310
3/31/07,07Q1,2007,1,31,3,HOTEL,921565353,3579877627,1022875368,3185126487,36325000,118598100,8864367934,436720000,2772654862,1035509649,4039967541,77640787,501875096,8864367934,484845353,807222765,-12634281,-854841054,-41315787,-383276996
6/30/07,07Q2,2007,2,30,6,HOTEL,10735042239,9653859061,2801451723,4240989802,83332600,70892000,27585567425,1581016729,10502855591,4100561988,10863566378,93510190,444056549,27585567425,9154025510,-848996530,-1299110265,-6622576576,-10177590,-373164549
9/30/07,07Q3,2007,3,30,9,HOTEL,1856718223,5196163425,135883113,4065418588,148759790,96490680,11499433819,1823241248,1678611378,3087430481,4444122985,81575325,384452403,11499433819,33476976,3517552047,-2951547367,-378704396,67184465,-287961723
12/31/07,07Q4,2007,4,31,12,HOTEL,184344115,29460429371,404700000,2593605814,209500000,53000268,32905579569,3750000,2309833886,28262843374,1920923426,75948333,332280549,32905579569,180594115,27150595485,-27858143374,672682388,133551667,-279280281
3/31/08,08Q1,2008,1,31,3,HOTEL,529882060,1031283349,112782500,3019482698,34872000,109530000,4837832607,78622500,1632460210,144555500,2526649744,154500000,301044654,4837832607,451259560,-601176861,-31773000,492832955,-119628000,-191514654
6/30/08,08Q2,2008,2,30,6,HOTEL,656049973,742892000,117043000,1717818135,21600000,97912351,3353315459,7247340,189375000,579057000,2221914768,62442000,293279351,3353315459,648802633,553517000,-462014000,-504096633,-40842000,-195367000
9/30/08,08Q3,2008,3,30,9,HOTEL,24600000,973965476,28617000,1090549190,35650000,63650000,2217031666,444633333,441506000,150575000,1002502633,17537500,160277200,2217031666,-420033333,532459476,-121958000,88046557,18112500,-96627200
12/31/08,08Q4,2008,4,31,12,HOTEL,34013089,3400000,22000000,1053234260,20420000,37482900,1170550249,0,30030631,162887500,839070519,45231600,93330000,1170550249,34013089,-26630631,-140887500,214163742,-24811600,-55847100
3/31/09,09Q1,2009,1,31,3,HOTEL,5500000,251210500,0,630053642,35502776,45071000,967337918,139955500,42065000,128075000,581536342,46100000,29606076,967337918,-134455500,209145500,-128075000,48517300,-10597224,15464924
6/30/09,09Q2,2009,2,30,6,HOTEL,17650000,50722500,67000000,465461303,33775000,14283544,648892347,9500000,65148544,100021500,372426003,26600000,75196300,648892347,8150000,-14426044,-33021500,93035300,7175000,-60912756
9/30/09,09Q3,2009,3,30,9,HOTEL,246819917,117200000,0,456234799,28550000,19500000,868304716,3000000,62363500,309066666,441034549,24690000,28150000,868304716,243819917,54836500,-309066666,15200250,3860000,-8650000
12/31/09,09Q4,2009,4,31,12,HOTEL,7244200,219369367,13300000,467703907,12245000,27650000,747512474,78296986,165500000,54100000,360601440,16736667,72277381,747512474,-71052786,53869367,-40800000,107102467,-4491667,-44627381
3/31/10,10Q1,2010,1,31,3,HOTEL,184583333,398262251,381127742,615227514,19504552,27950876,1626656268,139800000,273673293,155851344,1014131632,16900000,26300000,1626656268,44783333,124588958,225276398,-398904117,2604552,1650876
6/30/10,10Q2,2010,2,30,6,HOTEL,212864973,423096483,421101000,749506933,82485752,15000000,1904055142,202695337,431020059,103603909,1015978591,10207252,140549994,1904055142,10169636,-7923576,317497091,-266471657,72278500,-125549994
9/30/10,10Q3,2010,3,30,9,HOTEL,305600000,1188137248,1378900000,704354194,92450000,29280749,3698722191,291900000,936103333,288700000,1991879526,29900000,160239332,3698722191,13700000,252033915,1090200000,-1287525332,62550000,-130958583
12/31/10,10Q4,2010,4,31,12,HOTEL,104477497,5544100380,656300000,1217196059,55484270,9899999,7587458205,4342853755,836897731,349406712,1844498112,77319018,136482878,7587458205,-4238376258,4707202649,306893288,-627302053,-21834748,-126582879
3/31/11,11Q1,2011,1,31,3,HOTEL,251323000,1203881488,1499419985,923529834,15500000,32432892,3926087199,260373318,1088282142,509056333,1938150814,13784200,116440392,3926087199,-9050318,115599347,990363652,-1014620980,1715800,-84007500
6/30/11,11Q2,2011,2,30,6,HOTEL,715924338,1534606496,2025478661,1129524757,38194745,13644485,5457373482,860078000,2014581652,552482643,1761439150,0,268792038,5457373482,-144153662,-479975156,1472996018,-631914393,38194745,-255147553
9/30/11,11Q3,2011,3,30,9,HOTEL,944695192,1677334799,1865840630,1834921887,227946275,16800000,6567538784,447680000,1973556257,259072464,3483621852,292146275,111461937,6567538784,497015192,-296221458,1606768167,-1648699964,-64200000,-94661937
12/31/11,11Q4,2011,4,31,12,HOTEL,157096858,2297046686,410090333,1477935753,44750000,8190957,4395110587,446632250,2140620950,179080111,1525658443,0,103118833,4395110587,-289535392,156425736,231010223,-47722690,44750000,-94927876
3/31/12,12Q1,2012,1,31,3,HOTEL,307330667,1246072913,434984973,1576268358,14194500,23800000,3602651410,736231243,720277934,718455847,1305552959,35169500,86963927,3602651410,-428900576,525794979,-283470875,270715399,-20975000,-63163927
6/30/12,12Q2,2012,2,30,6,HOTEL,324896650,1816659876,593909209,1335435702,30671500,6615636,4108188573,104941952,987592394,1063099962,1726856138,117490000,108208127,4108188573,219954698,829067482,-469190753,-391420435,-86818500,-101592491
9/30/12,12Q3,2012,3,30,9,HOTEL,604518364,1650250278,1425737157,1292754095,8136000,59925000,5041320894,572283256,1216333517,520015000,2397998395,84100000,250590725,5041320894,32235108,433916760,905722157,-1105244300,-75964000,-190665725
12/31/12,12Q4,2012,4,31,12,HOTEL,1068984836,2993259098,811962417,2351319430,96725155,26200000,7348450936,2207088162,1490485564,855046357,2485515989,123204100,187110764,7348450936,-1138103326,1502773533,-43083940,-134196559,-26478945,-160910764
3/31/13,13Q1,2013,1,31,3,HOTEL,2012476452,843817039,899336353,1995760564,21012397,46157846,5818560652,421555000,2554680050,629070433,1989662294,16723373,206869501,5818560652,1590921452,-1710863011,270265920,6098270,4289023,-160711655
6/30/13,13Q2,2013,2,30,6,HOTEL,43175000,3208655835,1596827565,1665410303,74294750,70655186,6659018639,1063248750,1412626321,535414050,3438908925,25990000,182830593,6659018639,-1020073750,1796029514,1061413514,-1773498621,48304750,-112175407
9/30/13,13Q3,2013,3,30,9,HOTEL,523387400,1110402339,1202534854,3666198108,63498227,35250000,6601270927,1111523000,2669678967,587104227,1908988783,45200000,278775950,6601270927,-588135600,-1559276628,615430627,1757209324,18298227,-243525950
12/31/13,13Q4,2013,4,31,12,HOTEL,1044685789,2238333338,824608510,4221574683,25995000,44400000,8399597321,950833355,2293062484,943085367,3733362051,146900000,332354064,8399597321,93852434,-54729146,-118476857,488212633,-120905000,-287954064
3/31/14,14Q1,2014,1,31,3,HOTEL,2833459490,1860385848,879173982,2038174320,12600000,91826976,7715620615,789591819,2968496039,1222276911,2315060789,25200000,394995058,7715620615,2043867671,-1108110191,-343102929,-276886469,-12600000,-303168082
6/30/14,14Q2,2014,2,30,6,HOTEL,1663189086,1391414356,2920432000,2476854646,6406000,55446250,8513742338,513349955,5070704513,209327502,2576713116,53200000,90447252,8513742338,1149839131,-3679290157,2711104498,-99858470,-46794000,-35001002
9/30/14,14Q3,2014,3,30,9,HOTEL,1192877826,2616680858,2517614970,3193511483,20408657,49155000,9590248795,298954881,4707889001,696657872,3625426356,20850000,240470684,9590248795,893922945,-2091208142,1820957098,-431914873,-441343,-191315684
12/31/14,14Q4,2014,4,31,12,HOTEL,1688662880,2437599172,2323943883,3225742340,50800000,68675000,9795423274,1063681159,2855981612,1112238992,4189643512,240058000,333820000,9795423274,624981721,-418382440,1211704891,-963901173,-189258000,-265145000
3/31/15,15Q1,2015,1,31,3,HOTEL,3407338900,2675075479,3886948719,5437982425,66169992,98237500,15571753015,250721300,7461336941,2687865771,4867059255,14505000,290264748,15571753015,3156617600,-4786261461,1199082948,570923169,51664992,-192027248
6/30/15,15Q2,2015,2,30,6,HOTEL,1743663231,5355694834,2174615888,3651111931,14450000,51815580,12991351463,473062505,6560197055,1091112664,4428964267,4125000,433889973,12991351463,1270600727,-1204502221,1083503224,-777852336,10325000,-382074393
9/30/15,15Q3,2015,3,30,9,HOTEL,1653414968,781678857,1518315653,3375251779,61021000,39275000,7428957258,186884987,3153207245,78225000,3862169043,9825000,138645983,7428957258,1466529981,-2371528388,1440090653,-486917264,51196000,-99370983
12/31/15,15Q4,2015,4,31,12,HOTEL,1824174813,8120273479,334201984,4202063809,52200000,70365496,14603279581,918280734,2783674965,7068663163,3519554136,25775000,287331583,14603279581,905894080,5336598514,-6734461180,682509672,26425000,-216966087
3/31/16,16Q1,2016,1,31,3,HOTEL,679031613,1043981585,733700033,3638793338,16425000,31930000,6143861569,401446367,2221740346,266082878,3087702228,76284000,90605750,6143861569,277585246,-1177758761,467617155,551091110,-59859000,-58675750
6/30/16,16Q2,2016,2,30,6,HOTEL,2231900000,1472400168,317663000,3303816018,62000000,72210237,7459989423,818913000,1685945500,1546223330,3263566186,36518950,108822457,7459989423,1412987000,-213545332,-1228560330,40249832,25481050,-36612220
9/30/16,16Q3,2016,3,30,9,HOTEL,6974373962,1359553432,1276839066,3535991730,198204000,47565000,13392527190,499276735,8592062761,1680412006,2513892688,20000000,86883000,13392527190,6475097227,-7232509328,-403572940,1022099042,178204000,-39318000
12/31/16,16Q4,2016,4,31,12,HOTEL,3203612181,1691335356,440749988,4056943758,108525000,34241500,9535407783,515552728,3574248611,1896846105,3394607372,38152500,116000466,9535407783,2688059453,-1882913255,-1456096117,662336385,70372500,-81758966
3/31/17,17Q1,2017,1,31,3,HOTEL,1045772500,928867012,1085821325,3475570695,27280299,100756993,6664068824,221612250,2115438081,1374256440,2652310888,208200000,92251164,6664068824,824160250,-1186571070,-288435115,823259807,-180919701,8505829
6/30/17,17Q2,2017,2,30,6,HOTEL,1397014996,1261291186,960816667,4021201359,61893000,20625000,7722842207,221575000,1997681591,1408604984,3932469381,23865000,138646250,7722842207,1175439996,-736390405,-447788318,88731977,38028000,-118021250
9/30/17,17Q3,2017,3,30,9,HOTEL,696215253,1243910101,1594921615,3643969366,8025000,84337000,7271378335,420430500,2083988790,1308397725,3363535791,6275000,88750530,7271378335,275784753,-840078688,286523891,280433575,1750000,-4413530
12/31/17,17Q4,2017,4,31,12,HOTEL,930750839,1451533955,725491000,3113947381,39190000,60858702,6321771878,491550000,2063079495,870321667,2680286765,104170249,112363702,6321771878,439200839,-611545540,-144830667,433660616,-64980249,-51505000
3/31/18,18Q1,2018,1,31,3,HOTEL,2578887054,2266644744,1349293615,4107783671,39075000,133700000,10475384084,570266721,3369261689,2706645909,3656849716,62860000,109500050,10475384084,2008620334,-1102616945,-1357352294,450933955,-23785000,24199950
6/30/18,18Q2,2018,2,30,6,HOTEL,506515863,2855069696,936763119,5071260376,42625000,54335000,9466569054,1944763611,2127771727,567088155,4409378561,351499991,66067010,9466569054,-1438247747,727297969,369674964,661881815,-308874991,-11732010
9/30/18,18Q3,2018,3,30,9,HOTEL,1196453000,2125283550,476218000,3890109354,40290000,166979476,7895333380,955450000,2476582973,807902957,3415897451,78035000,161465000,7895333380,241003000,-351299422,-331684957,474211904,-37745000,5514476
12/31/18,18Q4,2018,4,31,12,HOTEL,1380193280,3337070298,5060364267,4166677109,24325000,228708644,14197338598,655530000,4188512026,5967866099,3093838331,26160000,265432143,14197338598,724663280,-851441727,-907501832,1072838777,-1835000,-36723499