YR/QTR,Total - Individual,Total - Portfolio,Total - Entity,Total - Total,Total - YoY Change,Office - Individual,Office - Portfolio,Office - Entity,Office - Total,Office - YoY Change,Industrial - Individual,Industrial - Portfolio,Industrial - Entity,Industrial - Total,Industrial - YoY Change,Retail - Individual,Retail - Portfolio,Retail - Entity,Retail - Total,Retail - YoY Change,Multifamily - Individual,Multifamily - Portfolio,Multifamily - Entity,Multifamily - Total,Multifamily - YoY Change,Hotel - Individual,Hotel - Portfolio,Hotel - Entity,Hotel - Total,Hotel - YoY Change,Senior Housing - Individual,Senior Housing - Portfolio,Senior Housing - Entity,Senior Housing - Total,Senior Housing - YoY Change,Development - Individual,Development - Portfolio,Development - Entity,Development - Total,Development - YoY Change
2001,"$68,110,849,172 ","$17,079,418,674 ","$7,699,360,000 ","$92,889,627,846 ",- ,"$29,341,591,475 ","$4,592,278,194 ","$6,225,646,609 ","$40,159,516,277 ",- ,"$10,885,423,972 ","$4,551,538,972 ","$1,042,284,716 ","$16,479,247,660 ",- ,"$9,502,731,462 ","$4,756,654,839 ","$431,428,675 ","$14,690,814,976 ",- ,"$18,381,102,263 ","$3,178,946,669 ",- ,"$21,560,048,932 ",- ,- ,- ,- ,- ,- ,- ,- ,- ,- ,- ,- ,- ,- ,- ,- 
2002,"$83,824,708,365 ","$23,293,596,425 ","$2,416,920,886 ","$109,535,225,676 ",17.9%,"$36,479,676,213 ","$4,208,786,354 ","$130,939,754 ","$40,819,402,322 ",1.6%,"$9,603,503,393 ","$4,234,425,570 ","$56,000,000 ","$13,893,928,963 ",(15.7%),"$17,436,306,498 ","$10,561,571,727 ","$1,152,986,045 ","$29,150,864,270 ",98.4%,"$20,305,222,260 ","$4,288,812,774 ","$1,076,995,087 ","$25,671,030,121 ",19.1%,- ,- ,- ,- ,- ,- ,- ,- ,- ,- ,- ,- ,- ,- ,- 
2003,"$106,478,884,001 ","$24,833,519,318 ","$3,939,865,761 ","$135,252,269,079 ",23.5%,"$41,573,950,439 ","$7,421,093,393 ",- ,"$48,995,043,833 ",20.0%,"$13,114,156,455 ","$3,008,622,166 ","$21,062,000 ","$16,143,840,620 ",16.2%,"$24,409,229,326 ","$8,832,752,450 ","$3,782,803,761 ","$37,024,785,537 ",27.0%,"$27,381,547,781 ","$5,571,051,309 ","$136,000,000 ","$33,088,599,089 ",28.9%,- ,- ,- ,- ,- ,- ,- ,- ,- ,- ,- ,- ,- ,- ,- 
2004,"$159,951,007,462 ","$40,555,819,776 ","$18,443,041,433 ","$218,949,868,672 ",61.9%,"$60,691,910,513 ","$14,653,662,279 ","$1,716,475,867 ","$77,062,048,659 ",57.3%,"$17,789,055,359 ","$5,678,864,935 ","$2,202,022,634 ","$25,669,942,927 ",59.0%,"$35,429,195,644 ","$12,425,578,892 ","$14,524,542,933 ","$62,379,317,468 ",68.5%,"$46,040,845,946 ","$7,797,713,671 ",- ,"$53,838,559,617 ",62.7%,- ,- ,- ,- ,- ,- ,- ,- ,- ,- ,- ,- ,- ,- ,- 
2005,"$274,860,166,801 ","$75,050,342,309 ","$21,124,095,438 ","$371,034,604,549 ",69.5%,"$85,793,339,025 ","$19,945,746,125 ","$5,265,725,978 ","$111,004,811,128 ",44.0%,"$31,562,335,420 ","$12,780,924,653 ","$5,485,946,300 ","$49,829,206,373 ",94.1%,"$42,863,967,944 ","$14,868,543,943 ","$1,200,000,000 ","$58,932,511,888 ",(5.5%),"$78,637,165,945 ","$16,267,886,282 ","$5,087,897,625 ","$99,992,949,852 ",85.7%,"$18,307,278,679 ","$9,161,879,520 ","$3,979,943,893 ","$31,449,102,092 ",- ,- ,- ,- ,- ,- ,"$17,696,079,788 ","$2,025,361,785 ","$104,581,642 ","$19,826,023,215 ",- 
2006,"$302,158,774,199 ","$82,372,042,586 ","$48,987,198,727 ","$433,518,015,512 ",16.8%,"$103,779,731,059 ","$27,002,473,739 ","$22,031,783,600 ","$152,813,988,398 ",37.7%,"$36,533,234,920 ","$10,915,589,524 ","$4,890,833,177 ","$52,339,657,621 ",5.0%,"$43,842,306,204 ","$12,076,142,510 ","$8,478,778,212 ","$64,397,226,926 ",9.3%,"$74,319,619,371 ","$21,982,772,242 ","$3,711,689,148 ","$100,014,080,760 ",0.0%,"$23,555,435,073 ","$9,521,985,846 ","$9,716,865,104 ","$42,794,286,023 ",36.1%,- ,- ,- ,- ,- ,"$20,128,447,572 ","$873,078,725 ","$157,249,486 ","$21,158,775,782 ",6.7%
2007,"$292,852,826,982 ","$127,253,564,604 ","$148,983,897,840 ","$569,090,289,426 ",31.3%,"$103,113,615,673 ","$54,099,350,260 ","$53,551,604,708 ","$210,764,570,642 ",37.9%,"$37,869,855,323 ","$19,239,677,227 ","$4,171,385,935 ","$61,280,918,485 ",17.1%,"$42,926,768,070 ","$16,588,912,681 ","$21,660,810,641 ","$81,176,491,393 ",26.1%,"$60,263,934,124 ","$22,886,928,811 ","$21,463,783,119 ","$104,614,646,054 ",4.6%,"$20,303,578,215 ","$12,462,057,095 ","$48,089,313,437 ","$80,854,948,747 ",88.9%,- ,- ,- ,- ,- ,"$28,375,075,577 ","$1,976,638,529 ","$47,000,000 ","$30,398,714,106 ",43.7%
2008,"$136,538,439,629 ","$35,691,536,436 ","$5,285,181,276 ","$177,515,157,342 ",(68.8%),"$47,207,941,167 ","$12,045,568,553 ","$3,243,517,356 ","$62,497,027,076 ",(70.3%),"$20,334,264,714 ","$5,818,751,936 ","$231,624,786 ","$26,384,641,435 ",(56.9%),"$21,395,397,702 ","$4,181,376,114 ","$595,966,687 ","$26,172,740,503 ",(67.8%),"$31,586,334,511 ","$9,875,299,763 ","$1,214,072,448 ","$42,675,706,722 ",(59.2%),"$8,079,586,045 ","$3,499,143,937 ",- ,"$11,578,729,983 ",(85.7%),- ,- ,- ,- ,- ,"$7,934,915,490 ","$271,396,133 ",- ,"$8,206,311,623 ",(73.0%)
2009,"$57,362,248,266 ","$13,778,917,978 ","$905,077,884 ","$72,046,244,128 ",(59.4%),"$16,665,624,840 ","$2,058,461,622 ","$380,205,146 ","$19,104,291,608 ",(69.4%),"$9,084,143,965 ","$1,268,332,202 ",- ,"$10,352,476,168 ",(60.8%),"$10,140,698,862 ","$6,331,196,365 ",- ,"$16,471,895,227 ",(37.1%),"$15,066,002,100 ","$1,992,617,356 ","$230,872,738 ","$17,289,492,194 ",(59.5%),"$3,011,707,421 ","$220,340,033 ",- ,"$3,232,047,454 ",(72.1%),"$920,083,382 ","$1,871,220,399 ","$294,000,000 ","$3,085,303,781 ",- ,"$2,473,987,696 ","$36,750,000 ",- ,"$2,510,737,696 ",(69.4%)
2010,"$111,667,968,954 ","$37,336,849,696 ","$6,048,599,953 ","$155,053,418,603 ",115.2%,"$38,999,048,016 ","$8,171,932,775 ","$1,119,697,396 ","$48,290,678,187 ",152.8%,"$12,432,589,720 ","$8,702,685,774 ","$14,592,282 ","$21,149,867,776 ",104.3%,"$17,221,041,836 ","$6,939,443,196 ","$7,510,318 ","$24,167,995,351 ",46.7%,"$29,360,359,754 ","$6,462,263,385 ","$5,233,548 ","$35,827,856,688 ",107.2%,"$8,398,027,159 ","$2,550,464,691 ","$3,868,399,957 ","$14,816,891,807 ",358.4%,"$1,364,757,688 ","$3,841,569,715 ","$1,033,166,452 ","$6,239,493,855 ",102.2%,"$3,892,144,780 ","$668,490,159 ",- ,"$4,560,634,939 ",81.6%
2011,"$172,723,747,803 ","$56,241,098,473 ","$31,712,703,545 ","$260,677,549,821 ",68.1%,"$57,251,259,370 ","$9,841,826,832 ","$534,803,635 ","$67,627,889,838 ",40.0%,"$19,108,160,669 ","$8,024,194,407 ","$7,944,331,346 ","$35,076,686,422 ",65.8%,"$26,317,899,281 ","$9,038,499,496 ","$9,372,872,811 ","$44,729,271,588 ",85.1%,"$45,710,545,117 ","$11,291,663,989 ","$296,997,386 ","$57,299,206,492 ",59.9%,"$14,479,521,381 ","$5,866,588,672 ",- ,"$20,346,110,052 ",37.3%,"$2,342,977,680 ","$11,793,759,046 ","$13,563,698,367 ","$27,700,435,092 ",344.0%,"$7,513,384,305 ","$384,566,032 ",- ,"$7,897,950,337 ",73.2%
2012,"$227,316,903,790 ","$62,697,741,305 ","$20,179,827,964 ","$310,194,473,060 ",19.0%,"$67,799,057,243 ","$11,909,898,182 ","$2,571,719,761 ","$82,280,675,186 ",21.7%,"$25,431,691,014 ","$11,804,145,671 ","$216,712,285 ","$37,452,548,969 ",6.8%,"$41,541,660,758 ","$12,446,959,553 ","$3,725,061,881 ","$57,713,682,193 ",29.0%,"$62,529,359,051 ","$14,603,251,849 ","$9,557,660,886 ","$86,690,271,786 ",51.3%,"$13,649,744,690 ","$3,851,733,973 ","$2,599,133,150 ","$20,100,611,813 ",(1.2%),"$3,054,474,780 ","$7,400,501,987 ","$1,500,000,000 ","$11,954,976,767 ",(56.8%),"$13,310,916,255 ","$681,250,091 ","$9,540,000 ","$14,001,706,346 ",77.3%
2013,"$252,820,384,640 ","$102,473,656,878 ","$22,825,206,876 ","$378,119,248,393 ",21.9%,"$80,385,440,230 ","$20,847,838,108 ","$5,146,585,833 ","$106,379,864,172 ",29.3%,"$29,108,709,119 ","$10,938,916,233 ","$6,816,299,954 ","$46,863,925,305 ",25.1%,"$41,030,848,066 ","$15,905,157,402 ","$6,029,233,034 ","$62,965,238,502 ",9.1%,"$63,539,147,504 ","$37,696,961,486 ","$1,090,288,468 ","$102,326,397,458 ",18.0%,"$18,116,715,806 ","$8,101,433,506 ","$1,260,298,227 ","$27,478,447,539 ",36.7%,"$3,751,317,269 ","$8,141,725,763 ","$2,421,215,555 ","$14,314,258,586 ",19.7%,"$16,888,206,646 ","$841,624,379 ","$61,285,806 ","$17,791,116,831 ",27.1%
2014,"$319,839,407,621 ","$102,653,994,238 ","$30,235,974,367 ","$452,729,376,226 ",19.7%,"$96,207,272,291 ","$28,131,636,309 ","$2,491,349,546 ","$126,830,258,146 ",19.2%,"$35,406,921,127 ","$11,581,691,290 ","$3,361,059,561 ","$50,349,671,979 ",7.4%,"$54,282,611,029 ","$19,657,745,428 ","$12,435,302,316 ","$86,375,658,773 ",37.2%,"$84,903,199,631 ","$23,166,743,009 ","$4,602,509,782 ","$112,672,452,422 ",10.1%,"$22,525,980,399 ","$10,170,465,562 ","$2,918,589,062 ","$35,615,035,023 ",29.6%,"$5,614,966,743 ","$8,951,047,708 ","$4,344,564,100 ","$18,910,578,551 ",32.1%,"$20,898,456,400 ","$994,664,932 ","$82,600,000 ","$21,975,721,331 ",23.5%
2015,"$377,643,363,758 ","$128,791,852,684 ","$63,460,337,400 ","$569,895,553,842 ",25.9%,"$109,375,094,724 ","$37,442,937,201 ","$4,581,942,349 ","$151,399,974,274 ",19.4%,"$38,724,720,977 ","$14,792,338,554 ","$24,944,592,901 ","$78,461,652,432 ",55.8%,"$60,918,744,136 ","$22,336,602,149 ","$6,887,044,474 ","$90,142,390,759 ",4.4%,"$110,360,721,611 ","$28,753,029,551 ","$13,133,580,352 ","$152,247,331,514 ",35.1%,"$29,605,948,236 ","$10,979,282,091 ","$10,010,110,990 ","$50,595,341,317 ",42.1%,"$5,392,911,648 ","$13,079,136,706 ","$3,652,842,840 ","$22,124,891,194 ",17.0%,"$23,265,222,426 ","$1,408,526,431 ","$250,223,494 ","$24,923,972,352 ",13.4%
2016,"$377,929,041,939 ","$104,571,127,279 ","$29,103,114,297 ","$511,603,283,515 ",(10.2%),"$113,570,533,807 ","$23,499,700,814 ","$6,367,770,154 ","$143,438,004,776 ",(5.3%),"$42,059,672,470 ","$15,067,988,841 ","$3,135,374,290 ","$60,263,035,600 ",(23.2%),"$56,275,748,320 ","$16,713,751,057 ","$4,668,438,201 ","$77,657,937,578 ",(13.8%),"$117,918,362,780 ","$34,897,679,938 ","$6,947,502,860 ","$159,763,545,578 ",4.9%,"$23,544,734,890 ","$5,324,966,361 ","$7,662,084,714 ","$36,531,785,965 ",(27.8%),"$6,354,954,926 ","$8,364,582,407 ",- ,"$14,719,537,333 ",(33.5%),"$18,205,034,745 ","$702,457,862 ","$321,944,078 ","$19,229,436,685 ",(22.8%)
2017,"$365,403,931,500 ","$99,646,940,384 ","$24,212,381,203 ","$489,263,253,087 ",(4.4%),"$104,864,980,713 ","$25,492,970,665 ","$2,555,026,180 ","$132,912,977,557 ",(7.3%),"$47,528,381,668 ","$21,230,128,051 ","$4,999,228,311 ","$73,757,738,030 ",22.4%,"$48,732,495,037 ","$10,885,649,557 ","$4,653,268,937 ","$64,271,413,532 ",(17.2%),"$117,441,558,875 ","$29,974,998,838 ","$6,498,467,896 ","$153,915,025,608 ",(3.7%),"$23,106,483,786 ","$3,868,566,721 ","$1,005,010,736 ","$27,980,061,243 ",(23.4%),"$5,097,781,036 ","$7,432,233,300 ","$3,894,491,922 ","$16,424,506,258 ",11.6%,"$18,632,250,386 ","$762,393,252 ","$606,887,221 ","$20,001,530,858 ",4.0%
2018,"$387,518,080,578 ","$103,348,714,833 ","$71,196,191,297 ","$562,062,986,708 ",14.9%,"$106,206,062,130 ","$20,090,570,159 ","$8,263,769,390 ","$134,560,401,680 ",1.2%,"$50,577,856,054 ","$21,883,305,865 ","$19,979,000,408 ","$92,440,162,327 ",25.3%,"$48,622,776,658 ","$8,176,312,606 ","$27,724,966,122 ","$84,524,055,386 ",31.5%,"$130,075,524,330 ","$34,556,588,453 ","$7,979,729,324 ","$172,611,842,107 ",12.1%,"$25,244,541,124 ","$12,410,884,726 ","$4,379,199,267 ","$42,034,625,117 ",50.2%,"$6,478,355,830 ","$5,290,604,239 ","$2,353,361,291 ","$14,122,321,360 ",(14.0%),"$20,312,964,453 ","$940,448,784 ","$516,165,495 ","$21,769,578,732 ",8.8%
2019,- ,- ,- ,- ,(100.0%),- ,- ,- ,- ,(100.0%),- ,- ,- ,- ,(100.0%),- ,- ,- ,- ,(100.0%),- ,- ,- ,- ,(100.0%),- ,- ,- ,- ,(100.0%),- ,- ,- ,- ,(100.0%),- ,- ,- ,- ,(100.0%)
2020,- ,- ,- ,- ,- ,- ,- ,- ,- ,- ,- ,- ,- ,- ,- ,- ,- ,- ,- ,- ,- ,- ,- ,- ,- ,- ,- ,- ,- ,- ,- ,- ,- ,- ,- ,- ,- ,- ,- ,- 
2021,- ,- ,- ,- ,- ,- ,- ,- ,- ,- ,- ,- ,- ,- ,- ,- ,- ,- ,- ,- ,- ,- ,- ,- ,- ,- ,- ,- ,- ,- ,- ,- ,- ,- ,- ,- ,- ,- ,- ,- 
2022,- ,- ,- ,- ,- ,- ,- ,- ,- ,- ,- ,- ,- ,- ,- ,- ,- ,- ,- ,- ,- ,- ,- ,- ,- ,- ,- ,- ,- ,- ,- ,- ,- ,- ,- ,- ,- ,- ,- ,- 
2023,- ,- ,- ,- ,- ,- ,- ,- ,- ,- ,- ,- ,- ,- ,- ,- ,- ,- ,- ,- ,- ,- ,- ,- ,- ,- ,- ,- ,- ,- ,- ,- ,- ,- ,- ,- ,- ,- ,- ,- 
,,,,,,,,,,,,,,,,,,,,,,,,,,,,,,,,,,,,,,,,
,,,,,,,,,,,,,,,,,,,,,,,,,,,,,,,,,,,,,,,,
01Q1," $16,029,321,447 "," $4,456,645,615 ", $- ," $20,485,967,062 ",," $7,037,238,944 "," $1,476,189,138 ", $- ," $8,513,428,082 ",," $2,859,355,577 "," $485,352,544 ", $- ," $3,344,708,121 ",," $2,097,762,353 "," $1,912,617,354 ", $- ," $4,010,379,707 ",," $4,034,964,573 "," $582,486,579 ", $- ," $4,617,451,153 ",,,,,,,,,,,,,,,,
01Q2," $17,721,874,632 "," $3,076,883,586 "," $7,272,360,000 "," $28,071,118,218 ",," $8,011,032,316 "," $1,062,603,139 "," $6,225,646,609 "," $15,299,282,063 ",," $2,863,715,052 "," $1,135,977,948 "," $1,042,284,716 "," $5,041,977,716 ",," $1,984,537,999 "," $260,215,000 "," $4,428,675 "," $2,249,181,675 ",," $4,862,589,264 "," $618,087,499 ", $- ," $5,480,676,763 ",,,,,,,,,,,,,,,,
01Q3," $16,230,693,820 "," $3,815,582,080 "," $427,000,000 "," $20,473,275,900 ",," $6,304,996,771 "," $1,012,683,603 ", $- ," $7,317,680,374 ",," $2,509,275,954 "," $310,656,366 ", $- ," $2,819,932,321 ",," $2,476,415,384 "," $1,312,484,395 "," $427,000,000 "," $4,215,899,779 ",," $4,940,005,710 "," $1,179,757,716 ", $- ," $6,119,763,426 ",,,,,,,,,,,,,,,,
01Q4," $18,128,959,273 "," $5,730,307,393 ", $- ," $23,859,266,666 ",," $7,988,323,444 "," $1,040,802,314 ", $- ," $9,029,125,758 ",," $2,653,077,388 "," $2,619,552,114 ", $- ," $5,272,629,502 ",," $2,944,015,725 "," $1,271,338,090 ", $- ," $4,215,353,816 ",," $4,543,542,715 "," $798,614,875 ", $- ," $5,342,157,590 ",,,,,,,,,,,,,,,,
02Q1," $14,667,607,345 "," $5,299,153,612 "," $1,076,995,087 "," $21,043,756,043 ",3%," $6,374,914,609 "," $450,804,780 ", $- ," $6,825,719,389 ",-20%," $2,020,936,532 "," $400,005,849 ", $- ," $2,420,942,381 ",-28%," $2,823,416,174 "," $3,607,356,794 ", $- ," $6,430,772,968 ",60%," $3,448,340,030 "," $840,986,189 "," $1,076,995,087 "," $5,366,321,306 ",16%,,,,,,,,,,,,,,,
02Q2," $19,382,124,636 "," $5,413,683,621 "," $250,000,000 "," $25,045,808,257 ",-11%," $7,875,050,097 "," $1,358,878,596 "," $128,939,754 "," $9,362,868,446 ",-39%," $2,273,571,216 "," $556,824,128 ", $- ," $2,830,395,344 ",-44%," $3,694,991,890 "," $2,753,573,397 "," $121,060,246 "," $6,569,625,533 ",192%," $5,538,511,433 "," $744,407,500 ", $- ," $6,282,918,933 ",15%,,,,,,,,,,,,,,,
02Q3," $22,540,910,267 "," $5,234,927,854 "," $1,089,925,799 "," $28,865,763,920 ",41%," $11,047,423,207 "," $672,826,811 "," $2,000,000 "," $11,722,250,018 ",60%," $2,777,281,782 "," $513,476,544 "," $56,000,000 "," $3,346,758,327 ",19%," $4,146,183,782 "," $2,384,788,913 "," $1,031,925,799 "," $7,562,898,495 ",79%," $4,570,021,495 "," $1,663,835,585 ", $- ," $6,233,857,080 ",2%,,,,,,,,,,,,,,,
02Q4," $27,234,066,117 "," $7,345,831,339 ", $- ," $34,579,897,456 ",45%," $11,182,288,301 "," $1,726,276,168 ", $- ," $12,908,564,469 ",43%," $2,531,713,863 "," $2,764,119,049 ", $- ," $5,295,832,911 ",0%," $6,771,714,651 "," $1,815,852,623 ", $- ," $8,587,567,274 ",104%," $6,748,349,301 "," $1,039,583,500 ", $- ," $7,787,932,801 ",46%,,,,,,,,,,,,,,,
03Q1," $20,127,899,813 "," $5,217,307,244 "," $2,727,700,843 "," $28,072,907,900 ",33%," $7,547,026,048 "," $1,743,758,350 ", $- ," $9,290,784,398 ",36%," $2,683,846,773 "," $515,219,820 "," $21,062,000 "," $3,220,128,592 ",33%," $4,706,722,180 "," $2,176,824,858 "," $2,706,638,843 "," $9,590,185,880 ",49%," $5,190,304,813 "," $781,504,216 ", $- ," $5,971,809,029 ",11%,,,,,,,,,,,,,,,
03Q2," $23,682,625,812 "," $5,450,155,315 "," $136,000,000 "," $29,268,781,127 ",17%," $8,097,148,683 "," $1,375,377,326 ", $- ," $9,472,526,008 ",1%," $3,160,453,136 "," $550,551,980 ", $- ," $3,711,005,116 ",31%," $5,454,307,011 "," $1,718,781,639 ", $- ," $7,173,088,651 ",9%," $6,970,716,982 "," $1,805,444,371 "," $136,000,000 "," $8,912,161,353 ",42%,,,,,,,,,,,,,,,
03Q3," $28,594,893,716 "," $3,875,457,588 "," $92,029,703 "," $32,562,381,006 ",13%," $13,207,760,677 "," $1,200,390,913 ", $- ," $14,408,151,590 ",23%," $2,924,857,655 "," $579,170,667 ", $- ," $3,504,028,321 ",5%," $5,859,636,950 "," $956,038,893 "," $92,029,703 "," $6,907,705,545 ",-9%," $6,602,638,435 "," $1,139,857,115 ", $- ," $7,742,495,550 ",24%,,,,,,,,,,,,,,,
03Q4," $34,073,464,660 "," $10,290,599,170 "," $984,135,216 "," $45,348,199,045 ",31%," $12,722,015,032 "," $3,101,566,804 ", $- ," $15,823,581,836 ",23%," $4,344,998,891 "," $1,363,679,700 ", $- ," $5,708,678,591 ",8%," $8,388,563,185 "," $3,981,107,060 "," $984,135,216 "," $13,353,805,461 ",56%," $8,617,887,551 "," $1,844,245,607 ", $- ," $10,462,133,158 ",34%,,,,,,,,,,,,,,,
04Q1," $31,547,693,677 "," $6,344,357,553 "," $159,292,641 "," $38,051,343,870 ",36%," $11,869,365,463 "," $985,257,272 "," $5,933,478 "," $12,860,556,213 ",38%," $3,145,094,755 "," $873,231,950 ", $- ," $4,018,326,705 ",25%," $8,030,882,177 "," $3,432,875,598 "," $153,359,163 "," $11,617,116,938 ",21%," $8,502,351,282 "," $1,052,992,733 ", $- ," $9,555,344,015 ",60%,,,,,,,,,,,,,,,
04Q2," $36,417,100,557 "," $7,085,916,080 "," $550,000,000 "," $44,053,016,637 ",51%," $13,920,625,902 "," $2,247,578,298 "," $489,386,891 "," $16,657,591,090 ",76%," $3,659,775,420 "," $697,188,093 "," $60,613,109 "," $4,417,576,622 ",19%," $9,129,598,993 "," $1,872,097,363 ", $- ," $11,001,696,356 ",53%," $9,707,100,242 "," $2,269,052,327 ", $- ," $11,976,152,569 ",34%,,,,,,,,,,,,,,,
04Q3," $43,040,448,401 "," $12,022,265,991 "," $1,539,163,682 "," $56,601,878,073 ",74%," $17,914,509,005 "," $5,054,599,436 "," $18,012,717 "," $22,987,121,159 ",60%," $4,936,668,397 "," $2,141,500,446 "," $1,521,150,965 "," $8,599,319,808 ",145%," $7,721,970,394 "," $3,322,369,868 ", $- ," $11,044,340,262 ",60%," $12,467,300,604 "," $1,503,796,240 ", $- ," $13,971,096,845 ",80%,,,,,,,,,,,,,,,
04Q4," $48,945,764,828 "," $15,103,280,152 "," $16,194,585,111 "," $80,243,630,091 ",77%," $16,987,410,143 "," $6,366,227,274 "," $1,203,142,781 "," $24,556,780,197 ",55%," $6,047,516,787 "," $1,966,944,445 "," $620,258,560 "," $8,634,719,792 ",51%," $10,546,744,080 "," $3,798,236,063 "," $14,371,183,770 "," $28,716,163,913 ",115%," $15,364,093,818 "," $2,971,872,371 ", $- ," $18,335,966,189 ",75%,,,,,,,,,,,,,,,
05Q1," $57,700,980,262 "," $13,988,333,459 "," $2,345,861,870 "," $74,035,175,591 ",95%," $16,887,228,552 "," $3,290,256,003 ", $- ," $20,177,484,555 ",57%," $6,752,572,502 "," $1,611,908,826 ", $- ," $8,364,481,329 ",108%," $9,384,919,824 "," $2,135,744,799 ", $- ," $11,520,664,623 ",-1%," $16,215,959,978 "," $4,173,363,666 "," $2,295,780,228 "," $22,685,103,872 ",137%," $3,851,993,693 "," $2,738,573,165 ", $- ," $6,590,566,858 ",,,,,,," $4,608,305,712 "," $38,487,000 "," $50,081,642 "," $4,696,874,355 ",
05Q2," $67,881,196,897 "," $22,656,678,465 "," $1,200,000,000 "," $91,737,875,362 ",108%," $23,400,398,831 "," $6,942,720,372 ", $- ," $30,343,119,203 ",82%," $7,746,669,872 "," $3,362,358,320 ", $- ," $11,109,028,192 ",151%," $10,666,019,004 "," $6,362,561,808 "," $1,200,000,000 "," $18,228,580,813 ",66%," $17,672,463,064 "," $1,950,109,384 ", $- ," $19,622,572,448 ",64%," $4,162,972,387 "," $3,289,422,982 ", $- ," $7,452,395,369 ",,,,,,," $4,232,673,738 "," $749,505,599 ", $- ," $4,982,179,337 ",
05Q3," $72,314,485,288 "," $17,582,834,688 "," $15,091,633,756 "," $104,988,953,732 ",85%," $20,926,967,185 "," $4,813,605,966 "," $2,779,126,166 "," $28,519,699,317 ",24%," $8,589,275,136 "," $3,765,999,177 "," $5,485,946,300 "," $17,841,220,612 ",107%," $10,519,963,144 "," $2,758,634,469 ", $- ," $13,278,597,613 ",20%," $23,183,649,266 "," $4,962,072,241 "," $2,792,117,397 "," $30,937,838,904 ",121%," $4,462,564,561 "," $1,120,539,705 "," $3,979,943,893 "," $9,563,048,159 ",,,,,,," $4,632,065,995 "," $161,983,132 "," $54,500,000 "," $4,848,549,127 ",
05Q4," $76,963,504,355 "," $20,822,495,696 "," $2,486,599,812 "," $100,272,599,863 ",25%," $24,578,744,457 "," $4,899,163,785 "," $2,486,599,812 "," $31,964,508,054 ",30%," $8,473,817,910 "," $4,040,658,331 ", $- ," $12,514,476,240 ",45%," $12,293,065,972 "," $3,611,602,867 ", $- ," $15,904,668,839 ",-45%," $21,565,093,636 "," $5,182,340,991 ", $- ," $26,747,434,628 ",46%," $5,829,748,038 "," $2,013,343,669 ", $- ," $7,843,091,706 ",,,,,,," $4,223,034,342 "," $1,075,386,054 ", $- ," $5,298,420,396 ",
06Q1," $69,745,840,078 "," $18,450,287,820 "," $10,211,887,666 "," $98,408,015,564 ",33%," $20,454,075,539 "," $5,575,579,190 "," $16,856,250 "," $26,046,510,979 ",29%," $7,865,108,806 "," $2,687,778,492 "," $3,297,554,360 "," $13,850,441,658 ",66%," $10,238,419,224 "," $1,711,743,847 "," $3,300,000 "," $11,953,463,070 ",4%," $19,765,263,850 "," $5,514,398,781 "," $3,477,089,555 "," $28,756,752,186 ",27%," $7,173,243,171 "," $2,812,983,516 "," $3,400,000,000 "," $13,386,226,687 ",103%,,,,,," $4,249,729,488 "," $147,803,995 "," $17,087,500 "," $4,414,620,983 ",-6%
06Q2," $71,011,071,750 "," $20,854,480,234 "," $11,873,478,323 "," $103,739,030,307 ",13%," $23,981,088,423 "," $5,640,844,210 "," $4,519,678,502 "," $34,141,611,136 ",13%," $9,088,975,725 "," $3,245,597,869 "," $946,970,505 "," $13,281,544,099 ",20%," $11,023,309,506 "," $2,786,476,654 "," $779,410,646 "," $14,589,196,806 ",-20%," $16,284,793,539 "," $5,488,286,286 "," $19,233,592 "," $21,792,313,418 ",11%," $6,111,207,366 "," $3,535,365,216 "," $5,517,257,486 "," $15,163,830,068 ",103%,,,,,," $4,521,697,190 "," $157,909,998 "," $90,927,592 "," $4,770,534,780 ",-4%
06Q3," $75,612,522,107 "," $13,924,539,098 "," $9,373,201,361 "," $98,910,262,567 ",-6%," $26,461,686,880 "," $4,346,229,208 "," $5,264,877,313 "," $36,072,793,401 ",26%," $9,108,459,036 "," $1,857,565,954 "," $138,494,869 "," $11,104,519,859 ",-38%," $10,107,842,013 "," $3,806,178,034 "," $3,132,987,167 "," $17,047,007,214 ",28%," $16,921,967,991 "," $2,742,965,724 ", $- ," $19,664,933,715 ",-36%," $6,502,120,458 "," $865,235,558 "," $799,607,618 "," $8,166,963,633 ",-15%,,,,,," $6,510,445,729 "," $306,364,621 "," $37,234,394 "," $6,854,044,744 ",41%
06Q4," $85,789,340,263 "," $29,142,735,434 "," $17,528,631,377 "," $132,460,707,074 ",32%," $32,882,880,217 "," $11,439,821,131 "," $12,230,371,534 "," $56,553,072,883 ",77%," $10,470,691,353 "," $3,124,647,208 "," $507,813,444 "," $14,103,152,005 ",13%," $12,472,735,461 "," $3,771,743,976 "," $4,563,080,399 "," $20,807,559,835 ",31%," $21,347,593,989 "," $8,237,121,452 "," $215,366,000 "," $29,800,081,441 ",11%," $3,768,864,079 "," $2,308,401,557 ", $- ," $6,077,265,636 ",-23%,,,,,," $4,846,575,165 "," $261,000,110 "," $12,000,000 "," $5,119,575,275 ",-3%
07Q1," $73,426,936,255 "," $22,207,200,754 "," $60,036,644,371 "," $155,670,781,380 ",58%," $24,878,788,792 "," $6,525,747,250 "," $45,771,837,796 "," $77,176,373,838 ",196%," $9,010,612,356 "," $5,007,040,637 "," $194,488,530 "," $14,212,141,524 ",3%," $10,981,609,827 "," $3,200,878,825 "," $13,130,580,710 "," $27,313,069,363 ",128%," $16,267,675,354 "," $5,290,594,260 "," $879,737,335 "," $22,438,006,949 ",-22%," $6,953,670,413 "," $1,875,697,522 "," $35,000,000 "," $8,864,367,934 ",-34%,,,,,," $5,334,579,512 "," $307,242,260 "," $25,000,000 "," $5,666,821,772 ",28%
07Q2," $79,881,254,197 "," $51,887,611,792 "," $22,781,581,866 "," $154,550,447,855 ",49%," $29,341,203,205 "," $29,312,355,264 "," $512,809,638 "," $59,166,368,107 ",73%," $9,788,066,301 "," $6,560,899,989 "," $53,169,588 "," $16,402,135,878 ",23%," $12,406,301,319 "," $4,311,543,351 "," $6,115,391,654 "," $22,833,236,324 ",57%," $15,726,988,043 "," $5,509,847,666 ", $- ," $21,236,835,709 ",-3%," $6,150,039,544 "," $5,335,316,895 "," $16,100,210,986 "," $27,585,567,425 ",82%,,,,,," $6,468,655,785 "," $857,648,627 ", $- ," $7,326,304,412 ",54%
07Q3," $74,558,149,052 "," $34,858,663,386 "," $16,960,122,145 "," $126,376,934,583 ",28%," $24,663,322,354 "," $13,310,146,159 "," $5,946,130,203 "," $43,919,598,716 ",22%," $9,513,329,555 "," $5,266,395,161 "," $3,923,727,816 "," $18,703,452,533 ",68%," $11,331,032,620 "," $4,220,844,843 "," $2,335,665,349 "," $17,887,542,812 ",5%," $15,928,344,005 "," $8,129,325,454 "," $518,993,367 "," $24,576,662,826 ",25%," $3,963,274,283 "," $3,300,554,126 "," $4,235,605,409 "," $11,499,433,819 ",41%,,,,,," $9,158,846,235 "," $631,397,642 ", $- ," $9,790,243,877 ",43%
07Q4," $64,986,487,478 "," $18,300,088,671 "," $49,205,549,458 "," $132,492,125,608 ",0%," $24,230,301,323 "," $4,951,101,586 "," $1,320,827,072 "," $30,502,229,981 ",-46%," $9,557,847,111 "," $2,405,341,439 ", $- ," $11,963,188,550 ",-15%," $8,207,824,303 "," $4,855,645,663 "," $79,172,928 "," $13,142,642,893 ",-37%," $12,340,926,721 "," $3,957,161,431 "," $20,065,052,417 "," $36,363,140,569 ",22%," $3,236,593,975 "," $1,950,488,553 "," $27,718,497,041 "," $32,905,579,569 ",441%,,,,,," $7,412,994,045 "," $180,350,000 "," $22,000,000 "," $7,615,344,045 ",49%
08Q1," $43,778,262,884 "," $13,230,297,824 "," $4,091,221,828 "," $61,099,782,537 ",-61%," $13,790,800,630 "," $1,853,410,814 "," $3,170,793,468 "," $18,815,004,912 ",-76%," $6,826,505,977 "," $2,626,720,800 "," $64,461,673 "," $9,517,688,449 ",-33%," $7,411,060,561 "," $1,588,441,831 "," $595,966,687 "," $9,595,469,078 ",-65%," $9,341,127,967 "," $4,894,485,553 "," $260,000,000 "," $14,495,613,520 ",-35%," $2,624,928,388 "," $2,212,904,219 ", $- ," $4,837,832,607 ",-45%,,,,,," $3,783,839,361 "," $54,334,609 ", $- ," $3,838,173,970 ",-32%
08Q2," $39,028,821,205 "," $7,930,107,555 "," $998,959,448 "," $47,957,888,209 ",-69%," $14,404,923,728 "," $3,817,616,944 "," $44,887,000 "," $18,267,427,671 ",-69%," $5,656,778,319 "," $1,125,137,668 ", $- ," $6,781,915,987 ",-59%," $5,919,052,478 "," $759,865,137 ", $- ," $6,678,917,615 ",-71%," $8,418,047,372 "," $1,551,107,080 "," $954,072,448 "," $10,923,226,900 ",-49%," $2,825,351,740 "," $527,963,719 ", $- ," $3,353,315,459 ",-88%,,,,,," $1,804,667,569 "," $148,417,007 ", $- ," $1,953,084,577 ",-73%
08Q3," $33,273,836,406 "," $9,063,424,376 "," $195,000,000 "," $42,532,260,781 ",-66%," $12,210,782,781 "," $4,061,077,897 "," $27,836,888 "," $16,299,697,566 ",-63%," $4,801,703,717 "," $1,194,326,577 "," $167,163,112 "," $6,163,193,406 ",-67%," $4,291,040,112 "," $1,079,779,603 ", $- ," $5,370,819,716 ",-70%," $8,985,852,585 "," $2,198,286,781 ", $- ," $11,184,139,366 ",-54%," $1,719,736,666 "," $497,295,000 ", $- ," $2,217,031,666 ",-81%,,,,,," $1,264,720,545 "," $32,658,517 ", $- ," $1,297,379,062 ",-87%
08Q4," $20,457,519,134 "," $5,467,706,681 ", $- ," $25,925,225,815 ",-80%," $6,801,434,028 "," $2,313,462,898 ", $- ," $9,114,896,927 ",-70%," $3,049,276,702 "," $872,566,892 ", $- ," $3,921,843,593 ",-67%," $3,774,244,551 "," $753,289,543 ", $- ," $4,527,534,094 ",-66%," $4,841,306,588 "," $1,231,420,349 ", $- ," $6,072,726,936 ",-83%," $909,569,250 "," $260,980,999 ", $- ," $1,170,550,249 ",-96%,,,,,," $1,081,688,015 "," $35,986,000 ", $- ," $1,117,674,015 ",-85%
09Q1," $12,191,164,793 "," $2,181,544,565 ", $- ," $14,372,709,358 ",-76%," $3,982,114,621 "," $483,076,010 ", $- ," $4,465,190,631 ",-76%," $1,611,965,777 "," $158,413,400 ", $- ," $1,770,379,177 ",-81%," $2,572,132,993 "," $711,689,439 ", $- ," $3,283,822,432 ",-66%," $2,464,818,715 "," $402,488,618 ", $- ," $2,867,307,333 ",-80%," $945,107,919 "," $22,229,999 ", $- ," $967,337,918 ",-80%," $156,080,000 "," $403,047,100 ", $- ," $559,127,100 ",," $458,944,768 "," $600,000 ", $- ," $459,544,768 ",-88%
09Q2," $12,027,478,236 "," $2,766,435,057 ", $- ," $14,793,913,293 ",-69%," $2,916,518,277 "," $358,971,108 ", $- ," $3,275,489,385 ",-82%," $2,345,308,361 "," $614,546,172 ", $- ," $2,959,854,534 ",-56%," $2,074,262,917 "," $727,859,723 ", $- ," $2,802,122,641 ",-58%," $3,598,945,164 "," $595,318,053 ", $- ," $4,194,263,218 ",-62%," $529,352,347 "," $119,540,000 ", $- ," $648,892,347 ",-81%," $166,723,696 "," $328,400,000 ", $- ," $495,123,696 ",," $396,367,473 "," $21,800,000 ", $- ," $418,167,473 ",-79%
09Q3," $14,637,594,726 "," $2,405,693,373 "," $380,205,146 "," $17,423,493,245 ",-59%," $4,375,647,579 "," $822,831,636 "," $380,205,146 "," $5,578,684,360 ",-66%," $2,249,942,681 "," $134,426,037 ", $- ," $2,384,368,717 ",-61%," $2,539,106,330 "," $851,541,195 ", $- ," $3,390,647,525 ",-37%," $3,750,997,268 "," $510,644,506 ", $- ," $4,261,641,774 ",-62%," $858,054,716 "," $10,250,000 ", $- ," $868,304,716 ",-61%," $135,748,829 "," $76,000,000 ", $- ," $211,748,829 ",," $728,097,324 ", $- , $- ," $728,097,324 ",-44%
09Q4," $18,506,010,512 "," $6,425,244,982 "," $524,872,738 "," $25,456,128,232 ",-2%," $5,391,344,363 "," $393,582,869 ", $- ," $5,784,927,232 ",-37%," $2,876,927,146 "," $360,946,593 ", $- ," $3,237,873,739 ",-17%," $2,955,196,622 "," $4,040,106,008 ", $- ," $6,995,302,630 ",55%," $5,251,240,952 "," $484,166,179 "," $230,872,738 "," $5,966,279,870 ",-2%," $679,192,440 "," $68,320,034 ", $- ," $747,512,474 ",-36%," $461,530,857 "," $1,063,773,299 "," $294,000,000 "," $1,819,304,156 ",," $890,578,132 "," $14,350,000 ", $- ," $904,928,132 ",-19%
10Q1," $15,281,785,742 "," $4,694,896,716 ", $- ," $19,976,682,458 ",39%," $4,032,910,478 "," $1,345,719,982 ", $- ," $5,378,630,461 ",20%," $2,369,530,889 "," $472,282,330 ", $- ," $2,841,813,219 ",61%," $2,673,559,578 "," $1,201,590,469 ", $- ," $3,875,150,047 ",18%," $3,892,833,016 "," $1,187,721,120 ", $- ," $5,080,554,136 ",77%," $1,437,863,398 "," $188,792,871 ", $- ," $1,626,656,268 ",68%," $263,022,428 "," $55,039,944 ", $- ," $318,062,372 ",-43%," $612,065,954 "," $243,750,000 ", $- ," $855,815,954 ",86%
10Q2," $22,272,260,614 "," $5,537,854,543 "," $1,530,200,000 "," $29,340,315,157 ",98%," $8,521,874,161 "," $1,780,626,246 "," $469,697,399 "," $10,772,197,806 ",229%," $2,699,383,790 "," $1,110,074,825 "," $14,592,282 "," $3,824,050,898 ",29%," $3,829,021,273 "," $910,335,246 "," $7,510,318 "," $4,746,866,838 ",69%," $4,801,928,481 "," $902,972,563 "," $5,233,548 "," $5,710,134,593 ",36%," $1,437,138,456 "," $466,916,686 ", $- ," $1,904,055,142 ",193%," $195,155,989 "," $327,628,977 "," $1,033,166,452 "," $1,555,951,418 ",214%," $787,758,463 "," $39,300,000 ", $- ," $827,058,463 ",98%
10Q3," $29,900,118,636 "," $10,180,802,675 "," $649,999,997 "," $40,730,921,307 ",134%," $8,972,393,766 "," $1,530,680,075 "," $649,999,997 "," $11,153,073,838 ",100%," $3,094,807,414 "," $2,106,625,338 ", $- ," $5,201,432,752 ",118%," $4,109,190,306 "," $2,787,035,887 ", $- ," $6,896,226,193 ",103%," $9,723,080,844 "," $777,178,007 ", $- ," $10,500,258,851 ",146%," $2,918,783,004 "," $779,939,187 ", $- ," $3,698,722,191 ",326%," $234,197,292 "," $2,123,344,206 ", $- ," $2,357,541,498 ",1013%," $847,666,010 "," $75,999,975 ", $- ," $923,665,985 ",27%
10Q4," $44,213,803,962 "," $16,923,295,762 "," $3,868,399,957 "," $65,005,499,681 ",155%," $17,471,869,611 "," $3,514,906,471 ", $- ," $20,986,776,082 ",263%," $4,268,867,626 "," $5,013,703,281 ", $- ," $9,282,570,908 ",187%," $6,609,270,679 "," $2,040,481,594 ", $- ," $8,649,752,273 ",24%," $10,942,517,412 "," $3,594,391,695 ", $- ," $14,536,909,108 ",144%," $2,604,242,301 "," $1,114,815,948 "," $3,868,399,957 "," $7,587,458,205 ",915%," $672,381,979 "," $1,335,556,588 ", $- ," $2,007,938,568 ",10%," $1,644,654,354 "," $309,440,184 ", $- ," $1,954,094,538 ",116%
11Q1," $30,714,584,526 "," $8,464,961,467 "," $3,030,246,022 "," $42,209,792,014 ",111%," $9,521,416,671 "," $1,589,720,553 "," $152,045,348 "," $11,263,182,572 ",109%," $3,406,061,574 "," $900,503,981 ", $- ," $4,306,565,555 ",52%," $5,085,052,038 "," $1,646,291,862 "," $298,700,674 "," $7,030,044,575 ",81%," $7,390,348,579 "," $1,611,127,746 "," $35,700,000 "," $9,037,176,325 ",78%," $3,301,483,720 "," $624,603,479 ", $- ," $3,926,087,199 ",141%," $584,425,987 "," $2,084,898,253 "," $2,543,800,000 "," $5,213,124,240 ",1539%," $1,425,795,955 "," $7,815,594 ", $- ," $1,433,611,549 ",68%
11Q2," $42,218,279,492 "," $16,389,933,290 "," $21,059,559,156 "," $79,667,771,938 ",172%," $14,352,180,817 "," $1,063,929,041 "," $382,758,287 "," $15,798,868,145 ",47%," $4,749,249,292 "," $1,986,010,302 "," $7,941,331,346 "," $14,676,590,940 ",284%," $5,517,719,546 "," $1,673,717,999 "," $9,074,172,136 "," $16,265,609,682 ",243%," $10,869,805,049 "," $3,414,827,373 "," $261,297,386 "," $14,545,929,808 ",155%," $4,570,302,552 "," $887,070,930 ", $- ," $5,457,373,482 ",187%," $421,053,378 "," $7,124,300,655 "," $3,400,000,000 "," $10,945,354,033 ",603%," $1,737,968,859 "," $240,076,990 ", $- ," $1,978,045,849 ",139%
11Q3," $46,563,868,317 "," $13,054,564,621 "," $7,619,898,367 "," $67,238,331,305 ",65%," $15,296,168,306 "," $1,851,526,884 ", $- ," $17,147,695,190 ",54%," $5,085,535,049 "," $2,347,532,776 ", $- ," $7,433,067,826 ",43%," $7,626,801,330 "," $1,947,690,832 ", $- ," $9,574,492,162 ",39%," $12,525,179,539 "," $2,867,526,518 ", $- ," $15,392,706,056 ",47%," $3,684,190,747 "," $2,883,348,037 ", $- ," $6,567,538,784 ",78%," $417,590,138 "," $1,124,285,932 "," $7,619,898,367 "," $9,161,774,437 ",289%," $1,928,403,207 "," $32,653,642 ", $- ," $1,961,056,849 ",112%
11Q4," $53,227,015,468 "," $18,331,639,096 "," $3,000,000 "," $71,561,654,563 ",10%," $18,081,493,575 "," $5,336,650,355 ", $- ," $23,418,143,931 ",12%," $5,867,314,753 "," $2,790,147,348 "," $3,000,000 "," $8,660,462,101 ",-7%," $8,088,326,367 "," $3,770,798,802 ", $- ," $11,859,125,169 ",37%," $14,925,211,950 "," $3,398,182,352 ", $- ," $18,323,394,303 ",26%," $2,923,544,361 "," $1,471,566,226 ", $- ," $4,395,110,587 ",-42%," $919,908,176 "," $1,460,274,206 ", $- ," $2,380,182,382 ",19%," $2,421,216,284 "," $104,019,807 ", $- ," $2,525,236,091 ",29%
12Q1," $37,041,703,759 "," $12,836,946,839 "," $4,583,818,707 "," $54,462,469,306 ",29%," $11,640,225,275 "," $2,956,268,000 "," $963,933,138 "," $15,560,426,413 ",38%," $3,895,703,866 "," $1,539,054,513 ", $- ," $5,434,758,379 ",26%," $5,770,463,001 "," $3,235,487,159 "," $3,619,885,569 "," $12,625,835,729 ",80%," $10,166,533,406 "," $3,303,696,471 ", $- ," $13,470,229,877 ",49%," $2,730,775,628 "," $871,875,782 ", $- ," $3,602,651,410 ",-8%," $495,854,833 "," $738,848,702 ", $- ," $1,234,703,534 ",-76%," $2,342,147,752 "," $191,716,212 ", $- ," $2,533,863,964 ",77%
12Q2," $48,605,239,529 "," $13,895,079,736 "," $2,706,558,361 "," $65,206,877,626 ",-18%," $13,852,767,575 "," $1,606,821,810 "," $744,035,807 "," $16,203,625,191 ",3%," $5,849,852,649 "," $2,875,235,503 "," $163,677,291 "," $8,888,765,443 ",-39%," $8,853,416,816 "," $4,425,217,294 "," $1,748,789 "," $13,280,382,899 ",-18%," $13,902,590,706 "," $3,211,889,294 "," $747,096,484 "," $17,861,576,484 ",23%," $2,655,974,584 "," $402,214,000 "," $1,049,999,989 "," $4,108,188,573 ",-25%," $685,034,359 "," $1,105,642,650 ", $- ," $1,790,677,009 ",-84%," $2,805,602,841 "," $268,059,186 ", $- ," $3,073,662,027 ",55%
12Q3," $50,961,449,939 "," $14,216,387,166 "," $8,850,748,603 "," $74,028,585,707 ",10%," $14,809,573,343 "," $3,748,341,279 "," $35,269,697 "," $18,593,184,320 ",8%," $6,324,663,576 "," $1,764,625,736 "," $23,034,993 "," $8,112,324,305 ",9%," $8,744,617,823 "," $1,795,881,944 ", $- ," $10,540,499,767 ",10%," $14,334,716,400 "," $3,256,161,599 "," $8,782,903,912 "," $26,373,781,912 ",71%," $3,459,278,098 "," $1,582,042,795 ", $- ," $5,041,320,894 ",-23%," $732,700,924 "," $2,053,805,100 ", $- ," $2,786,506,024 ",-70%," $2,555,899,774 "," $15,528,712 "," $9,540,000 "," $2,580,968,486 ",32%
12Q4," $90,708,510,563 "," $21,749,327,564 "," $4,038,702,293 "," $116,496,540,420 ",63%," $27,496,491,050 "," $3,598,467,093 "," $828,481,119 "," $31,923,439,261 ",36%," $9,361,470,923 "," $5,625,229,919 "," $30,000,000 "," $15,016,700,843 ",73%," $18,173,163,118 "," $2,990,373,157 "," $103,427,523 "," $21,266,963,798 ",79%," $24,125,518,540 "," $4,831,504,484 "," $27,660,490 "," $28,984,683,513 ",58%," $4,803,716,379 "," $995,601,395 "," $1,549,133,162 "," $7,348,450,936 ",67%," $1,140,884,664 "," $3,502,205,536 "," $1,500,000,000 "," $6,143,090,200 ",158%," $5,607,265,889 "," $205,945,981 ", $- ," $5,813,211,869 ",130%
13Q1," $41,940,275,759 "," $32,320,288,407 "," $4,542,052,035 "," $78,802,616,201 ",45%," $11,870,843,503 "," $5,125,043,213 "," $329,099,889 "," $17,324,986,605 ",11%," $4,999,033,061 "," $1,439,223,897 "," $1,667,373,774 "," $8,105,630,732 ",49%," $6,730,940,653 "," $1,991,799,670 "," $788,034,069 "," $9,510,774,392 ",-25%," $10,704,905,346 "," $20,482,346,579 ", $- ," $31,187,251,925 ",132%," $3,390,522,412 "," $2,428,038,239 ", $- ," $5,818,560,652 ",62%," $617,603,454 "," $769,696,669 "," $1,757,544,302 "," $3,144,844,426 ",155%," $3,626,427,330 "," $84,140,139 ", $- ," $3,710,567,470 ",46%
13Q2," $61,828,645,122 "," $13,944,139,028 "," $1,960,827,545 "," $77,733,611,696 ",19%," $20,760,778,895 "," $2,137,816,693 "," $57,632,249 "," $22,956,227,837 ",42%," $7,212,374,575 "," $2,067,188,603 "," $614,367,751 "," $9,893,930,928 ",11%," $10,545,413,476 "," $3,670,914,167 "," $88,827,545 "," $14,305,155,188 ",8%," $15,059,869,491 "," $3,476,183,346 ", $- ," $18,536,052,837 ",4%," $3,955,414,015 "," $1,503,604,624 "," $1,200,000,000 "," $6,659,018,639 ",62%," $866,375,037 "," $875,631,910 ", $- ," $1,742,006,947 ",-3%," $3,428,419,634 "," $212,799,686 ", $- ," $3,641,219,320 ",18%
13Q3," $62,329,074,201 "," $26,458,266,162 "," $8,362,087,743 "," $97,149,428,106 ",31%," $18,992,127,077 "," $6,395,110,738 "," $748,589,850 "," $26,135,827,665 ",41%," $7,788,312,787 "," $3,647,814,402 "," $2,464,552,362 "," $13,900,679,551 ",71%," $10,471,604,499 "," $4,987,951,021 "," $4,420,576,052 "," $19,880,131,572 ",89%," $15,748,916,157 "," $5,805,670,800 ", $- ," $21,554,586,957 ",-18%," $4,264,843,226 "," $2,276,129,475 "," $60,298,227 "," $6,601,270,927 ",31%," $901,990,050 "," $3,115,635,589 "," $663,671,253 "," $4,681,296,891 ",68%," $4,161,280,405 "," $229,954,138 "," $4,400,000 "," $4,395,634,543 ",70%
13Q4," $86,722,389,557 "," $29,750,963,280 "," $7,960,239,553 "," $124,433,592,390 ",7%," $28,761,690,755 "," $7,189,867,465 "," $4,011,263,845 "," $39,962,822,065 ",25%," $9,108,988,696 "," $3,784,689,332 "," $2,070,006,067 "," $14,963,684,094 ",0%," $13,282,889,438 "," $5,254,492,544 "," $731,795,368 "," $19,269,177,350 ",-9%," $22,025,456,511 "," $7,932,760,760 "," $1,090,288,468 "," $31,048,505,739 ",7%," $6,505,936,153 "," $1,893,661,168 ", $- ," $8,399,597,321 ",14%," $1,365,348,728 "," $3,380,761,594 ", $- ," $4,746,110,323 ",-23%," $5,672,079,277 "," $314,730,416 "," $56,885,806 "," $6,043,695,499 ",4%
14Q1," $62,250,032,432 "," $20,324,446,049 "," $13,265,055,240 "," $95,839,533,721 ",22%," $18,133,481,053 "," $6,193,625,367 "," $624,145,744 "," $24,951,252,164 ",44%," $6,912,021,520 "," $3,936,175,700 "," $57,774,528 "," $10,905,971,748 ",35%," $11,515,546,303 "," $3,170,964,903 "," $10,470,757,414 "," $25,157,268,620 ",165%," $15,113,913,391 "," $4,015,500,435 "," $199,587,254 "," $19,329,001,080 ",-38%," $4,317,521,962 "," $1,499,908,353 "," $1,898,190,300 "," $7,715,620,615 ",33%," $1,200,269,068 "," $1,394,582,041 ", $- ," $2,594,851,109 ",-17%," $5,057,279,135 "," $113,689,250 "," $14,600,000 "," $5,185,568,385 ",40%
14Q2," $74,920,549,142 "," $19,768,711,352 "," $6,532,883,101 "," $101,222,143,595 ",30%," $23,155,348,509 "," $5,517,402,036 "," $16,329,496 "," $28,689,080,041 ",25%," $8,739,162,994 "," $2,342,281,426 "," $1,196,157,148 "," $12,277,601,568 ",24%," $12,834,000,594 "," $2,880,442,323 ", $- ," $15,714,442,917 ",10%," $18,471,727,798 "," $4,143,876,029 "," $4,259,997,695 "," $26,875,601,523 ",45%," $5,410,307,931 "," $2,083,035,646 "," $1,020,398,762 "," $8,513,742,338 ",28%," $1,350,912,012 "," $2,302,168,160 ", $- ," $3,653,080,172 ",110%," $4,959,089,303 "," $499,505,733 "," $40,000,000 "," $5,498,595,036 ",51%
14Q3," $86,372,685,320 "," $28,162,650,467 "," $5,236,883,265 "," $119,772,219,052 ",23%," $27,126,328,168 "," $6,093,319,226 "," $9,878,335 "," $33,229,525,729 ",27%," $9,560,413,500 "," $2,105,748,475 "," $10,054,000 "," $11,676,215,975 ",-16%," $14,192,094,379 "," $4,149,983,901 "," $1,936,284,070 "," $20,278,362,350 ",2%," $22,979,278,413 "," $8,441,959,673 "," $142,924,833 "," $31,564,162,919 ",46%," $6,168,065,049 "," $3,422,183,745 ", $- ," $9,590,248,795 ",45%," $1,302,252,637 "," $3,734,777,290 "," $3,137,742,027 "," $8,174,771,954 ",75%," $5,044,253,174 "," $214,678,157 ", $- ," $5,258,931,330 ",20%
14Q4," $96,296,140,726 "," $34,398,186,371 "," $5,201,152,761 "," $135,895,479,858 ",9%," $27,792,114,560 "," $10,327,289,681 "," $1,840,995,971 "," $39,960,400,212 ",0%," $10,195,323,113 "," $3,197,485,690 "," $2,097,073,885 "," $15,489,882,688 ",4%," $15,740,969,752 "," $9,456,354,302 "," $28,260,832 "," $25,225,584,886 ",31%," $28,338,280,029 "," $6,565,406,872 ", $- ," $34,903,686,901 ",12%," $6,630,085,457 "," $3,165,337,818 ", $- ," $9,795,423,274 ",17%," $1,761,533,027 "," $1,519,520,217 "," $1,206,822,073 "," $4,487,875,316 ",-5%," $5,837,834,789 "," $166,791,792 "," $28,000,000 "," $6,032,626,581 ",0%
15Q1," $88,011,505,276 "," $32,012,387,139 "," $23,959,588,159 "," $143,983,480,574 ",50%," $24,937,765,946 "," $9,333,538,546 "," $3,269,762,954 "," $37,541,067,446 ",50%," $8,472,450,049 "," $2,961,875,079 "," $9,185,763,146 "," $20,620,088,274 ",89%," $14,339,741,864 "," $6,874,937,568 "," $4,814,672,033 "," $26,029,351,465 ",3%," $24,640,743,797 "," $6,677,687,446 "," $2,630,556,494 "," $33,948,987,737 ",76%," $8,959,163,951 "," $3,861,009,382 "," $2,751,579,682 "," $15,571,753,015 ",102%," $1,683,916,474 "," $1,818,764,379 "," $1,278,736,946 "," $4,781,417,799 ",84%," $4,977,723,194 "," $484,574,740 "," $28,516,903 "," $5,490,814,837 ",6%
15Q2," $88,576,852,182 "," $33,015,239,987 "," $10,173,377,341 "," $131,765,469,510 ",30%," $25,939,880,571 "," $9,326,311,903 "," $613,092,665 "," $35,879,285,138 ",25%," $8,378,409,651 "," $3,034,710,729 "," $5,658,234,095 "," $17,071,354,475 ",39%," $14,792,221,696 "," $5,115,947,721 ", $- ," $19,908,169,417 ",27%," $25,246,434,658 "," $5,959,766,485 ", $- ," $31,206,201,143 ",16%," $7,775,699,523 "," $3,895,401,940 "," $1,320,250,000 "," $12,991,351,463 ",53%," $1,030,326,776 "," $5,446,499,403 "," $2,374,105,894 "," $8,850,932,073 ",142%," $5,413,879,308 "," $236,601,805 "," $207,694,688 "," $5,858,175,801 ",7%
15Q3," $92,562,701,717 "," $22,891,736,261 "," $5,577,008,716 "," $121,031,446,694 ",1%," $28,393,453,497 "," $6,862,187,814 "," $165,408,953 "," $35,421,050,263 ",7%," $10,366,036,303 "," $2,964,766,368 "," $407,398,939 "," $13,738,201,610 ",18%," $14,843,375,657 "," $3,830,159,659 "," $1,891,877,051 "," $20,565,412,367 ",1%," $25,787,253,863 "," $5,428,173,104 "," $3,085,291,869 "," $34,300,718,836 ",9%," $5,814,683,995 "," $1,601,253,264 "," $13,020,000 "," $7,428,957,258 ",-23%," $1,298,065,829 "," $2,136,116,165 ", $- ," $3,434,181,994 ",-58%," $6,059,832,574 "," $69,079,888 "," $14,011,904 "," $6,142,924,366 ",17%
15Q4," $108,492,304,584 "," $40,872,489,297 "," $23,750,363,184 "," $173,115,157,065 ",27%," $30,103,994,710 "," $11,920,898,939 "," $533,677,778 "," $42,558,571,427 ",7%," $11,507,824,974 "," $5,830,986,378 "," $9,693,196,721 "," $27,032,008,073 ",75%," $16,943,404,919 "," $6,515,557,200 "," $180,495,390 "," $23,639,457,509 ",-6%," $34,686,289,293 "," $10,687,402,518 "," $7,417,731,988 "," $52,791,423,799 ",51%," $7,056,400,768 "," $1,621,617,505 "," $5,925,261,308 "," $14,603,279,581 ",49%," $1,380,602,570 "," $3,677,756,759 ", $- ," $5,058,359,329 ",13%," $6,813,787,350 "," $618,269,998 ", $- ," $7,432,057,348 ",23%
16Q1," $81,958,637,887 "," $25,315,284,512 "," $12,275,550,107 "," $119,549,472,505 ",-17%," $23,062,378,375 "," $4,908,115,946 "," $3,698,668,786 "," $31,669,163,107 ",-16%," $8,404,004,457 "," $1,907,652,823 "," $3,110,644,860 "," $13,422,302,140 ",-35%," $13,818,829,149 "," $3,754,325,649 "," $2,001,788,814 "," $19,574,943,611 ",-25%," $25,193,888,850 "," $11,301,553,711 "," $3,173,463,113 "," $39,668,905,674 ",17%," $5,105,995,731 "," $1,037,865,838 ", $- ," $6,143,861,569 ",-61%," $1,574,360,421 "," $2,293,682,407 ", $- ," $3,868,042,829 ",-19%," $4,799,180,904 "," $112,088,138 "," $290,984,534 "," $5,202,253,576 ",-5%
16Q2," $95,352,806,167 "," $21,819,776,400 ", $- ," $117,172,582,567 ",-11%," $29,528,997,908 "," $4,595,919,684 ", $- ," $34,124,917,592 ",-5%," $10,730,211,863 "," $3,124,659,559 ", $- ," $13,854,871,422 ",-19%," $14,477,561,133 "," $4,735,671,577 ", $- ," $19,213,232,710 ",-3%," $28,183,592,599 "," $7,221,018,120 ", $- ," $35,404,610,718 ",13%," $6,741,824,414 "," $718,165,008 ", $- ," $7,459,989,423 ",-43%," $1,371,589,531 "," $1,298,161,432 ", $- ," $2,669,750,963 ",-70%," $4,319,028,719 "," $126,181,020 ", $- ," $4,445,209,739 ",-24%
16Q3," $97,275,490,418 "," $24,732,046,047 "," $9,348,047,115 "," $131,355,583,579 ",9%," $28,241,500,114 "," $7,554,934,768 ", $- ," $35,796,434,883 ",1%," $10,835,959,346 "," $4,287,323,833 ", $- ," $15,123,283,179 ",10%," $13,944,653,415 "," $3,014,775,803 "," $2,666,649,386 "," $19,626,078,604 ",-5%," $32,095,461,362 "," $5,807,586,748 ", $- ," $37,903,048,110 ",11%," $6,219,328,440 "," $491,801,022 "," $6,681,397,728 "," $13,392,527,190 ",80%," $1,414,591,263 "," $3,436,729,307 ", $- ," $4,851,320,570 ",41%," $4,523,996,478 "," $138,894,565 ", $- ," $4,662,891,043 ",-24%
16Q4," $103,342,107,467 "," $32,704,020,321 "," $7,479,517,076 "," $143,525,644,864 ",-17%," $32,737,657,410 "," $6,440,730,416 "," $2,669,101,368 "," $41,847,489,194 ",-2%," $12,089,496,804 "," $5,748,352,625 "," $24,729,430 "," $17,862,578,859 ",-34%," $14,034,704,623 "," $5,208,978,029 ", $- ," $19,243,682,652 ",-19%," $32,445,419,969 "," $10,567,521,359 "," $3,774,039,748 "," $46,786,981,076 ",-11%," $5,477,586,305 "," $3,077,134,492 "," $980,686,986 "," $9,535,407,783 ",-35%," $1,994,413,711 "," $1,336,009,260 ", $- ," $3,330,422,972 ",-34%," $4,562,828,644 "," $325,294,140 "," $30,959,544 "," $4,919,082,328 ",-34%
17Q1," $82,222,629,290 "," $22,767,031,604 "," $4,880,409,553 "," $109,870,070,447 ",-8%," $25,308,448,200 "," $6,195,102,356 "," $128,052,491 "," $31,631,603,046 ",0%," $10,622,183,945 "," $4,955,194,418 "," $67,898,481 "," $15,645,276,844 ",17%," $12,489,508,958 "," $1,871,369,355 "," $4,609,998,309 "," $18,970,876,622 ",-3%," $23,055,206,348 "," $4,904,926,873 "," $60,361,247 "," $28,020,494,468 ",-29%," $5,561,399,386 "," $1,102,669,438 ", $- ," $6,664,068,824 ",8%," $1,169,556,408 "," $3,543,722,847 "," $7,092,198 "," $4,720,371,453 ",22%," $4,016,326,045 "," $194,046,318 "," $7,006,826 "," $4,217,379,189 ",-19%
17Q2," $90,666,853,793 "," $22,739,789,457 "," $3,002,788,823 "," $116,409,432,073 ",-1%," $27,845,410,342 "," $6,577,402,398 ", $- ," $34,422,812,740 ",1%," $11,573,541,247 "," $3,891,578,329 ", $- ," $15,465,119,576 ",12%," $12,476,053,427 "," $2,363,340,624 ", $- ," $14,839,394,051 ",-23%," $26,370,410,697 "," $7,598,335,650 "," $3,002,788,823 "," $36,971,535,170 ",4%," $6,580,202,822 "," $1,142,639,385 ", $- ," $7,722,842,207 ",4%," $1,215,591,702 "," $1,028,356,801 ", $- ," $2,243,948,503 ",-16%," $4,605,643,556 "," $138,136,269 ", $- ," $4,743,779,826 ",7%
17Q3," $88,803,632,337 "," $26,172,718,549 "," $14,962,389,694 "," $129,938,740,581 ",-1%," $22,434,556,564 "," $6,072,563,101 "," $1,266,015,664 "," $29,773,135,329 ",-17%," $11,191,701,696 "," $7,829,657,655 "," $4,725,494,723 "," $23,746,854,075 ",57%," $11,530,322,667 "," $3,395,814,410 "," $43,270,627 "," $14,969,407,704 ",-24%," $32,036,120,828 "," $6,836,824,187 "," $3,435,317,826 "," $42,308,262,841 ",12%," $5,625,313,937 "," $641,053,662 "," $1,005,010,736 "," $7,271,378,335 ",-46%," $1,246,505,374 "," $1,273,284,080 "," $3,887,399,724 "," $6,407,189,178 ",32%," $4,739,111,272 "," $123,521,453 "," $599,880,394 "," $5,462,513,119 ",17%
17Q4," $103,710,816,080 "," $27,967,400,774 "," $1,366,793,132 "," $133,045,009,986 ",-7%," $29,276,565,607 "," $6,647,902,810 "," $1,160,958,025 "," $37,085,426,442 ",-11%," $14,140,954,780 "," $4,553,697,649 "," $205,835,108 "," $18,900,487,536 ",6%," $12,236,609,985 "," $3,255,125,168 ", $- ," $15,491,735,154 ",-19%," $35,979,821,002 "," $10,634,912,127 ", $- ," $46,614,733,129 ",0%," $5,339,567,642 "," $982,204,236 ", $- ," $6,321,771,878 ",-34%," $1,466,127,553 "," $1,586,869,571 ", $- ," $3,052,997,124 ",-8%," $5,271,169,512 "," $306,689,212 ", $- ," $5,577,858,724 ",13%
18Q1," $90,767,738,867 "," $23,438,420,862 "," $4,459,912,406 "," $118,666,072,135 ",8%," $25,622,886,071 "," $3,687,098,469 "," $51,532,974 "," $29,361,517,514 ",-7%," $11,568,939,562 "," $5,377,635,645 "," $3,995,864,782 "," $20,942,439,989 ",34%," $11,860,737,743 "," $2,300,995,079 ", $- ," $14,161,732,822 ",-25%," $29,326,872,016 "," $6,390,636,123 "," $9,152,094 "," $35,726,660,234 ",28%," $6,041,761,118 "," $4,433,622,966 ", $- ," $10,475,384,084 ",57%," $1,561,055,709 "," $1,063,903,126 "," $403,362,556 "," $3,028,321,390 ",-36%," $4,785,486,647 "," $184,529,455 ", $- ," $4,970,016,103 ",18%
18Q2," $89,557,449,856 "," $26,087,914,594 "," $8,382,916,028 "," $124,028,280,478 ",7%," $23,987,534,544 "," $5,112,808,666 "," $28,833,232 "," $29,129,176,443 ",-15%," $12,492,666,053 "," $6,808,648,326 "," $399,413,070 "," $19,700,727,449 ",27%," $11,830,722,365 "," $1,701,063,330 "," $7,884,028,574 "," $21,415,814,269 ",44%," $29,018,343,675 "," $7,463,421,689 "," $68,543,101 "," $36,550,308,466 ",-1%," $5,978,941,161 "," $3,487,627,893 ", $- ," $9,466,569,054 ",23%," $1,373,523,749 "," $1,044,751,774 ", $- ," $2,418,275,523 ",8%," $4,875,718,307 "," $469,592,916 "," $2,098,051 "," $5,347,409,274 ",13%
18Q3," $100,958,666,884 "," $27,149,689,888 "," $31,293,429,615 "," $159,401,786,388 ",23%," $27,369,530,496 "," $7,141,829,613 "," $237,372,022 "," $34,748,732,130 ",17%," $12,562,975,455 "," $3,658,008,571 "," $8,334,504,736 "," $24,555,488,762 ",3%," $12,131,488,608 "," $2,106,398,539 "," $17,343,955,146 "," $31,581,842,293 ",111%," $34,683,984,968 "," $11,505,944,300 "," $3,229,775,065 "," $49,419,704,333 ",17%," $6,578,952,099 "," $1,316,381,281 ", $- ," $7,895,333,380 ",9%," $2,053,296,587 "," $1,183,756,991 "," $1,949,998,735 "," $5,187,052,313 ",-19%," $5,578,438,671 "," $237,370,594 "," $197,823,912 "," $6,013,633,177 ",10%
18Q4," $106,234,224,971 "," $26,672,689,488 "," $27,059,933,248 "," $159,966,847,707 ",20%," $29,226,111,019 "," $4,148,833,412 "," $7,946,031,162 "," $41,320,975,593 ",11%," $13,953,274,983 "," $6,039,013,324 "," $7,249,217,820 "," $27,241,506,127 ",44%," $12,799,827,941 "," $2,067,855,658 "," $2,496,982,403 "," $17,364,666,002 ",12%," $37,046,323,670 "," $9,196,586,341 "," $4,672,259,064 "," $50,915,169,075 ",9%," $6,644,886,746 "," $3,173,252,585 "," $4,379,199,267 "," $14,197,338,598 ",125%," $1,490,479,785 "," $1,998,192,349 ", $- ," $3,488,672,134 ",14%," $5,073,320,827 "," $48,955,818 "," $316,243,532 "," $5,438,520,177 ",-2%
,,,,,,,,,,,,,,,,,,,,,,,,,,,,,,,,,,,,,,,,
,,,,,,,,,,,,,,,,,,,,,,,,,,,,,,,,,,,,,,,,